{"model":{"version":3,"nodes":[{"name":"RootNode","position":[0,0,0],"rotation":[0,0,0],"scale":[0.0254,0.0254,0.0254],"scaleCompensation":false},{"name":"green_tile028","position":[0,-1.61639e-14,0],"rotation":[-90,-0,0],"scale":[0.992841,0.992841,0.992841],"scaleCompensation":false}],"parents":[-1,0],"skins":[],"morphs":[],"vertices":[{"position":{"type":"float32","components":3,"data":[-1.58001,9.49432,11.2344,-5.15791,9.19248,10.2504,-3.78114,5.19398,10.2753,-8.93984,5.68338,9.66235,-7.98554,10.314,8.50313,-10.8231,8.11845,8.2643,-12.8935,5.97772,8.20894,-15.1057,-1.45416,8.14303,-13.5928,-4.53735,9.1872,-12.3824,-1.6473,9.15255,-15.4404,-4.94598,8.18603,-15.8011,-9.85095,8.7185,-12.0875,-5.99017,9.48279,-9.05601,-2.7859,9.43362,0.946206,2.95614,9.10883,2.26913,8.27739,10.4184,2.47949,2.17987,7.78728,4.67421,9.59858,9.45935,-12.9511,-11.1837,9.4547,-8.78764,-8.53642,9.26623,-12.1937,-12.6157,9.27928,-8.04595,-9.99895,9.07328,-3.84395,-6.63029,8.19903,-5.25172,-5.36362,8.85507,11.4362,4.41335,12.5268,4.4195,1.66912,11.1213,9.22728,-0.633215,12.3462,7.76345,7.04128,11.2122,6.49808,9.73232,9.2616,-10.4768,-13.2462,9.73936,-7.4545,-15.0092,9.61564,-5.6122,-10.719,10.1566,-2.46345,-13.575,10.1135,-2.36929,-7.35054,10.3876,2.67661,-9.65079,11.1292,16.8,-2.76883,9.13124,12.7263,-3.46303,10.9294,15.4458,-6.69919,8.66014,16.7069,0.716846,9.72395,14.203,1.85099,11.4158,-0.881651,-13.9368,9.87079,5.23904,-11.547,10.4936,-1.24979,-15.1956,9.40016,6.62703,-14.0801,8.88808,8.52428,-9.1794,10.5258,12.3968,-10.8587,8.58314,6.22596,-6.03041,11.8605,0.610518,-3.81045,10.7182,-1.2339,-3.73063,8.35809,-2.68513,-2.40967,9.04134,-6.61025,1.38401,9.74974,-14.1225,3.40683,8.31219,-11.4644,1.95833,9.41,-15.7858,-14.2841,9.45404,-13.7928,-15.724,9.66137,-15.1739,-15.3724,9.37359,15.249,4.12627,10.1658,13.9737,3.90239,11.6398,12.2533,6.20021,11.8851,12.5711,7.56847,10.4237,9.17453,9.37045,10.1973,9.47284,7.78388,11.3994,1.98304,10.1866,11.1767,3.06344,11.0455,10.048,-0.0759094,12.1651,10.0567,-0.286983,10.8949,11.3897,-2.97837,10.9342,10.8524,-4.39588,11.7341,9.39877,4.40971,7.3863,8.23283,-8.46551,10.7722,7.11519,-11.1741,8.54361,6.779,-13.2071,6.23209,6.74073,-15.6425,-1.41128,7.02656,-16.1522,-5.42851,7.01905,-16.4834,-10.1146,7.42737,15.6975,-7.04184,6.54141,17.0425,-2.65633,6.87375,16.8649,1.06821,7.58935,-7.55635,-16.3541,8.00963,-1.63994,-16.4619,7.61888,6.46259,-15.0265,7.12147,12.5583,-11.2863,6.71572,-14.5873,3.49665,6.96859,-16.4482,-14.6402,8.30828,15.4033,4.60346,8.14467,12.6837,8.14267,8.54027,9.42625,9.94392,8.49024,6.69711,10.1663,8.0384,4.35813,10.1082,8.1392,2.93661,11.5965,8.41464,-0.314733,12.7969,8.36678,-4.78789,12.3044,7.78891,4.44329,7.37215,7.0477,-15.9886,-15.9803,8.68009,-13.9116,-16.538,8.54849,-10.1831,8.64708,5.91734,-7.56774,11.1157,6.26163,-12.2659,6.44977,5.75537,-15.6749,-1.52862,5.75537,-16.4261,-5.67384,5.75538,-16.7632,-10.6581,6.17494,15.1939,-6.62534,5.32923,16.6048,-1.97734,5.60371,16.4535,1.41001,6.05137,-1.75825,-16.6039,5.97038,-7.76708,-16.4966,6.32532,6.3142,-15.1079,5.78931,12.4219,-11.3402,5.62969,-14.4864,3.52014,5.75537,-16.6245,-14.8095,6.68995,14.5901,4.92331,6.50388,12.5831,7.96368,6.85691,9.90216,9.53057,6.97773,6.84565,10.0512,6.87547,4.21544,10.3223,6.84871,2.58279,11.5539,7.17951,-0.711156,12.7747,6.88723,-4.32188,12.4726,6.55447,4.24862,7.34713,6.37593,-16.0978,-16.1029,6.86862,-13.9445,-16.7098,6.79171,11.0092,13.6402,10.2974,10.6589,12.6881,8.95972,10.4936,13.8097,9.18194,11.245,12.4435,10.0977,10.5284,14.507,10.2996,10.153,14.3719,9.18194,10.1593,15.0397,9.18194,10.4698,15.4947,10.5265,9.74555,16.0366,9.18194,9.99654,16.5758,10.5994,7.43631,10.8954,11.4393,6.59852,9.56793,10.6621,7.57635,10.6633,9.41639,6.69024,9.35087,8.70193,8.72687,12.0314,8.50024,8.81019,11.6647,9.66668,7.7932,11.3212,8.37171,6.04159,10.0142,10.999,7.04716,11.6786,11.8061,8.59664,11.8888,11.8039,8.18439,12.7518,12.2124,5.4181,11.0064,11.0767,6.63338,12.9584,11.8967,5.04755,11.8269,10.8032,6.3286,13.872,11.6144,7.71564,14.018,12.2897,7.35466,14.8735,11.9411,6.24867,14.0802,9.75962,5.60197,12.5028,8.28617,4.87032,11.9203,9.22056,6.65894,14.1246,8.62055,7.35636,15.0917,10.0662,9.81036,12.166,12.1885,10.0463,11.9215,9.87901,9.61504,12.1929,8.66306,9.29774,13.2144,12.5887,8.97787,13.9582,12.4898,10.0757,14.3554,12.2307,10.556,13.4351,12.3149,10.6808,12.5191,11.7669,8.8428,14.8044,12.6911,8.72498,15.9047,12.4634,9.96546,15.371,12.4856,9.58082,16.1932,12.1209,8.75744,16.2443,10.3894,8.52325,15.7644,8.95972,7.51153,14.8437,8.74547,4.04227,5.29975,8.10238,4.67592,5.04022,7.93487,3.05116,6.97759,7.71185,3.35889,6.13894,8.01651,7.12679,10.4137,7.72403]},"normal":{"type":"float32","components":3,