{"model":{"version":3,"nodes":[{"name":"RootNode","position":[0,0,0],"rotation":[0,0,0],"scale":[0.0254,0.0254,0.0254],"scaleCompensation":false},{"name":"Plane356","position":[0,0,0],"rotation":[-90,-0,0],"scale":[0.735341,0.735341,0.735341],"scaleCompensation":false}],"parents":[-1,0],"skins":[],"morphs":[],"vertices":[{"position":{"type":"float32","components":3,"data":[28.9675,38.2195,-5.18766e-05,-28.9675,38.2195,-5.18766e-05,-28.9675,-38.2196,-5.18766e-05,28.9675,-38.2196,-5.18766e-05,31.7945,-37.9626,-5.18766e-05,31.7945,37.9625,-5.18766e-05,34.1075,-37.1916,-5.18766e-05,34.1075,37.1915,-5.18766e-05,35.9065,35.9065,-5.18766e-05,35.9065,-35.9066,-5.18766e-05,37.1915,-34.1076,-5.18766e-05,37.1915,34.1075,-5.18766e-05,37.9625,-31.7946,-5.18766e-05,37.9625,31.7945,-5.18766e-05,38.2195,28.9675,-5.18766e-05,38.2195,-28.9676,-5.18766e-05,-31.7945,37.9625,-5.18766e-05,-31.7945,-37.9626,-5.18766e-05,-34.1075,-37.1916,-5.18766e-05,-34.1075,37.1915,-5.18766e-05,-35.9065,35.9065,-5.18766e-05,-35.9065,-35.9066,-5.18766e-05,-37.1915,34.1075,-5.18766e-05,-37.1915,-34.1076,-5.18766e-05,-37.9625,-31.7946,-5.18766e-05,-37.9625,31.7945,-5.18766e-05,-38.2195,28.9675,-5.18766e-05,-38.2195,-28.9676,-5.18766e-05]},"normal":{"type":"float32","components":3,"data":[0,0,1,0,0,1,0,0,1,0,0,1,0,0,1,0,0,1,0,0,1,0,0,1,0,0,1,0,0,1,0,0,1,0,0,1,0,0,1,0,0,1,0,0,1,0,0,1,0,0,1,0,0,1,0,0,1,0,0,1,0,0,1,0,0,1,0,0,1,0,0,1,0,0,1,0,0,1,0,0,1,0,0,1]},"texCoord0":{"type":"float32","components":2,"data":[0.0348821,1.0906,-0.0733269,1.0906,-0.073327,0.947832,0.0348821,0.947832,0.0401622,0.948312,0.0401623,1.09012,0.0444824,0.949752,0.0444824,1.08868,0.0478425,1.08628,0.0478425,0.952152,0.0502425,0.955512,0.0502426,1.08292,0.0516826,0.959832,0.0516827,1.0786,0.0521626,1.07332,0.0521626,0.965112,-0.0786071,1.09012,-0.0786071,0.948312,-0.0829273,0.949752,-0.0829272,1.08868,-0.0862874,1.08628,-0.0862874,0.952152,-0.0886874,1.08292,-0.0886875,0.955512,-0.0901275,0.959832,-0.0901275,1.0786,-0.0906075,1.07332,-0.0906075,0.965112]}}],"meshes":[{"aabb":{"min":[-38.2195,-38.2196,-5.18766e-05],"max":[38.2195,38.2195,-5.18766e-05]},"vertices":0,"indices":[0,1,2,0,2,3,0,4,5,4,0,3,5,6,7,5,4,6,8,6,9,6,8,7,8,10,11,8,9,10,12,11,10,11,12,13,12,14,13,14,12,15,2,1,16,16,17,2,16,18,17,18,16,19,18,19,20,18,20,21,21,20,22,21,22,23,22,24,23,24,22,25,26,24,25,24,26,27],"type":"triangles","base":0,"count":78}],"meshInstances":[{"node":1,"mesh":0}]}}