{"model":{"version":3,"nodes":[{"name":"RootNode","position":[0,0,0],"rotation":[0,0,0],"scale":[0.0254,0.0254,0.0254],"scaleCompensation":false},{"name":"Sphere008","position":[0,0,0],"rotation":[135,-3.50835e-15,90],"scale":[0.686364,0.657325,0.5795],"scaleCompensation":false}],"parents":[-1,0],"skins":[],"morphs":[],"vertices":[{"position":{"type":"float32","components":3,"data":[1.17647e-07,10.8693,23.8444,-4.17711,7.68577,23.8444,1.22935e-07,-4.91738e-07,27.003,-2.60491,11.5712,23.1425,1.19209e-07,17.507,17.3775,-3.71762,16.514,17.2021,-6.72799,12.3793,17.3775,-6.2888,4.79296,23.1425,-5.90732,-1.04048e-06,23.8444,-8.97512,6.84032,17.2021,-9.51482,-1.54972e-06,17.3775,-6.2888,-4.79296,23.1425,-4.17711,-7.68577,23.8444,-8.97512,-6.84032,17.2021,-6.72799,-12.3793,17.3775,1.52157e-07,-10.8693,23.8444,-2.60491,-11.5712,23.1425,-3.71762,-16.514,17.2021,1.78814e-07,-17.507,17.3775,1.52157e-07,-10.8693,23.8444,4.17711,-7.68577,23.8444,1.22935e-07,-4.91738e-07,27.003,2.60491,-11.5712,23.1425,1.78814e-07,-17.507,17.3775,3.71762,-16.514,17.2021,6.72799,-12.3793,17.3775,6.2888,-4.79296,23.1425,5.90732,-3.20417e-06,23.8444,8.97512,-6.84032,17.2021,9.51482,-5.1856e-06,17.3775,6.2888,4.79296,23.1425,4.17711,7.68577,23.8444,8.97512,6.84031,17.2021,6.728,12.3793,17.3775,1.17647e-07,10.8693,23.8444,2.60491,11.5712,23.1425,3.71762,16.514,17.2021,1.19209e-07,17.507,17.3775,2.04565e-07,21.4671,4.99614,-4.45084,19.771,4.99614,1.93715e-07,21.5062,-15.0739,-4.45895,19.8071,-15.0739,-8.2649,15.2072,-15.0739,-8.24987,15.1795,4.99614,-10.7453,8.18943,4.99614,-10.7649,8.20435,-15.0739,-11.6883,-1.57997e-06,-15.0739,-11.6671,-1.85588e-06,4.99614,-10.7453,-8.18943,4.99614,-10.7649,-8.20435,-15.0739,-8.24987,-15.1796,4.99614,-8.2649,-15.2072,-15.0739,-4.45084,-19.771,4.99614,-4.45895,-19.8071,-15.0739,8.9407e-08,-21.5062,-15.0739,7.79271e-08,-21.4671,4.99614,7.79271e-08,-21.4671,4.99614,4.45084,-19.771,4.99614,8.9407e-08,-21.5062,-15.0739,4.45895,-19.8071,-15.0739,8.2649,-15.2072,-15.0739,8.24987,-15.1796,4.99614,10.7453,-8.18944,4.99614,10.7649,-8.20436,-15.0739,11.6883,-5.90131e-06,-15.0739,11.6671,-6.4867e-06,4.99614,10.7453,8.18942,4.99614,10.7649,8.20434,-15.0739,8.24987,15.1795,4.99614,8.2649,15.2072,-15.0739,4.45084,19.771,4.99614,4.45895,19.8071,-15.0739,1.93715e-07,21.5062,-15.0739,2.04565e-07,21.4671,4.99614,-3.39631,15.0867,-33.7646,2.89068e-07,16.381,-33.7646,-2.04795,9.09717,-47.1934,3.27826e-07,9.6826,-47.3633,-6.29525,11.5831,-33.7646,-3.72105,6.84664,-47.3633,-8.19942,6.24913,-33.7646,-4.94418,3.76817,-47.1934,-8.90282,-6.63734e-07,-33.7646,-5.26236,1.63913e-07,-47.3633,-8.19942,-6.24913,-33.7646,-4.94418,-3.76817,-47.1934,-3.72105,-6.84664,-47.3633,-6.29525,-11.5831,-33.7646,-3.39631,-15.0867,-33.7646,-2.04795,-9.09717,-47.1934,1.39063e-07,-16.381,-33.7646,2.08616e-07,-9.6826,-47.3633,3.39631,-15.0867,-33.7646,1.39063e-07,-16.381,-33.7646,2.04795,-9.09717,-47.1934,2.08616e-07,-9.6826,-47.3633,6.29524,-11.5831,-33.7646,3.72105,-6.84664,-47.3633,8.19942,-6.24913,-33.7646,4.94418,-3.76817,-47.1934,8.90282,-3.87131e-06,-33.7646,5.26236,-1.75834e-06,-47.3633,8.19942,6.24912,-33.7646,4.94418,3.76817,-47.1934,3.72105,6.84663,-47.3633,6.29525,11.5831,-33.7646,3.39631,15.0867,-33.7646,2.04795,9.09717,-47.1934,2.89068e-07,16.381,-33.7646,3.27826e-07,9.6826,-47.3633,2.61755e-07,5.00244,-55.0798,-1.92245,3.53726,-55.0798,-1.19887,5.32549,-54.4,7.63685e-08,-8.19564e-08,-58.1389,-2.89433,2.20589,-54.4,-2.71876,2.89633e-07,-55.0798,-2.89433,-2.20589,-54.4,-1.92245,-3.53726,-55.0798,1.53688e-07,-5.00244,-55.0798,-1.19887,-5.32548,-54.4,1.92245,-3.53726,-55.0798,1.53688e-07,-5.00244,-55.0798,7.63685e-08,-8.19564e-08,-58.1389,1.19887,-5.32548,-54.4,2.89433,-2.20589,-54.4,2.71876,-7.48835e-07,-55.0798,2.89433,2.20589,-54.4,1.92245,3.53726,-55.0798,2.61755e-07,5.00244,-55.0798,1.19887,5.32548,-54.4]},"normal":{"type":"float32","components":3,"data":[9.36928e-08,0.467061,0.884225,-0.52121,0.305599,0.796837,-3.68737e-08,0,1,-0.387846,0.529408,0.754521,1.66962e-07,0.869251,0.49437,-0.50134,0.7405,0.447569,-0.808713,0.450509,0.378186,-0.726197,0.161366,0.668281,-0.687853,-6.41708e-08,0.72585,-0.916189,0.223,0.332969,-0.949242,-9.71744e-08,0.314548,-0.726197,-0.161366,0.668281,-0.52121,-0.305599,0.796837,-0.916189,-0.223,0.332969,-0.808713,-0.450509,0.378186,-2.53224e-09,-0.467061,0.884225,-0.387846,-0.529408,0.754521,-0.50134,-0.7405,0.447569,6.26107e-08,-0.869251,0.494371,-2.53224e-09,-0.467061,0.884225,0.52121,-0.305599,0.796837,-3.68737e-08,0,1,0.387846,-0.529408,0.754521,6.26107e-08,-0.869251,0.494371,0.50134,-0.7405,0.447569,0.808713,-0.450509,0.378186,0.726197,-0.161366,0.668281,0.687853,-8.05281e-08,0.72585,0.916189,-0.223,0.332969,0.949241,-1.38473e-07,0.314548,0.726197,0.161366,0.668281,0.52121,0.305599,0.796837,0.916189,0.223,0.332969,0.808713,0.450509,0.378186,9.36928e-08,0.467061,0.884225,0.387846,0.529408,0.754521,0.50134,0.7405,0.447569,1.66962e-07,0.869251,0.49437,1.47435e-07,0.989594,0.143885,-0.567983,0.812894,0.128839,1.26496e-07,0.991694,-0.128621,-0.572748,0.811702,-0.114449,-0.862635,0.497465,-0.0915967,-0.862746,0.495189,0.102261,-0.969684,0.228296,0.0871464,-0.970767,0.227299,-0.0771122,-0.997333,-4.57095e-08,-0.0729908,-0.996653,-7.46241e-08,0.0817474,-0.969684,-0.228296,0.0871464,-0.970767,-0.227299,-0.0771122,-0.862746,-0.495189,0.102261,-0.862635,-0.497465,-0.0915967,-0.567983,-0.812894,0.128839,-0.572748,-0.811702,-0.114449,1.79203e-07,-0.991694,-0.128621,1.57966e-07,-0.989594,0.143885,1.57966e-07,-0.989594,0.143885,0.567983,-0.812894,0.128839,1.79203e-07,-0.991694,-0.128621,0.572748,-0.811702,-0.114449,0.862635,-0.497465,-0.0915967,0.862746,-0.495189,0.102261,0.969684,-0.228296,0.0871464,0.970767,-0.227299,-0.0771123,0.997333,-1.8765e-07,-0.0729909,0.996653,-1.70913e-07,0.0817474,0.969684,0.228296,0.0871464,0.970767,0.227299,-0.0771122,0.862746,0.495189,0.102261,0.862635,0.497465,-0.0915967,0.567983,0.812894,0.128839,0.572749,0.811702,-0.114449,1.26496e-07,0.991694,-0.128621,1.47435e-07,0.989594,0.143885,-0.550648,0.77508,-0.3099,1.44151e-07,0.938144,-0.346247,-0.518255,0.742597,-0.424218,1.88312e-07,0.883028,-0.46932,-0.840952,0.479998,-0.249803,-0.822302,0.455778,-0.340714,-0.951485,0.222323,-0.212716,-0.929296,0.219943,-0.296706,-0.979533,-4.79675e-09,-0.201286,-0.960396,3.57752e-09,-0.278638,-0.951485,-0.222323,-0.212716,-0.929296,-0.219943,-0.296706,-0.822302,-0.455778,-0.340714,-0.840952,-0.479998,-0.249803,-0.550648,-0.77508,-0.3099,-0.518255,-0.742597,-0.424218,1.49299e-07,-0.938143,-0.346247,8.42448e-08,-0.883028,-0.46932,0.550648,-0.77508,-0.3099,1.49299e-07,-0.938143,-0.346247,0.518255,-0.742597,-0.424218,8.42448e-08,-0.883028,-0.46932,0.840952,-0.479998,-0.249803,0.822302,-0.455778,-0.340714,0.951485,-0.222324,-0.212716,0.929296,-0.219943,-0.296706,0.979533,-2.11057e-07,-0.201286,0.960396,-1.93186e-07,-0.278638,0.951485,0.222323,-0.212716,0.929296,0.219942,-0.296706,0.822302,0.455778,-0.340714,0.840952,0.479998,-0.249803,0.550648,0.77508,-0.3099,0.518255,0.742597,-0.424218,1.44151e-07,0.938144,-0.346247,1.88312e-07,0.883028,-0.46932,1.19612e-07,0.653658,-0.75679,-0.662166,0.406213,-0.629704,-0.479405,0.674609,-0.561315,-7.37006e-08,0,-1,-0.869735,0.19879,-0.451712,-0.846931,-8.66184e-09,-0.531702,-0.869735,-0.19879,-0.451712,-0.662166,-0.406213,-0.629704,2.65805e-09,-0.653658,-0.75679,-0.479405,-0.674609,-0.561315,0.662166,-0.406213,-0.629704,2.65805e-09,-0.653658,-0.75679,-7.37006e-08,0,-1,0.479405,-0.674609,-0.561315,0.869735,-0.19879,-0.451712,0.846931,-1.71999e-07,-0.531702,0.869735,0.19879,-0.451712,0.662166,0.406213,-0.629704,1.19612e-07,0.653658,-0.75679,0.479405,0.674608,-0.561315]},"texCoord0":{"type":"float32","components":2,