{"resources":["sfx-audio.mp3","sfx-audio.m4a","sfx-audio.ogg"],"spritemap":{"acquire-pinkstar5":{"start":0,"end":3.1781632653061225,"loop":false},"acquire-purplestar5":{"start":4.1,"end":7.08,"loop":false},"acquire-star1":{"start":7.2,"end":9.451882086167801,"loop":false},"acquire-star2":{"start":10.3,"end":12.564580498866214,"loop":false},"acquire-star3":{"start":13.4,"end":15.667687074829932,"loop":false},"acquire-star4":{"start":16.5,"end":18.726530612244897,"loop":false},"acquire-star5":{"start":19.599999999999998,"end":21.84834467120181,"loop":false},"button-click":{"start":22.699999999999996,"end":24.603582766439906,"loop":false},"end-pose-build-up":{"start":24.799999999999997,"end":30.254557823129247,"loop":false},"end-pose":{"start":30.899999999999995,"end":34.817301587301586,"loop":false},"long-note-hit":{"start":35,"end":42.45759637188209,"loop":false},"menu-switch-song":{"start":43.1,"end":43.300000000000004,"loop":false},"note-hit_2":{"start":44.2,"end":44.6,"loop":false},"note-hit_3":{"start":45.300000000000004,"end":46.300000000000004,"loop":false},"note-hit":{"start":46.400000000000006,"end":46.75000000000001,"loop":false},"note-miss_2":{"start":47.50000000000001,"end":48.535759637188214,"loop":false},"note-miss_3":{"start":49.60000000000001,"end":50.80000000000001,"loop":false},"note-miss":{"start":51.70000000000001,"end":52.20000000000001,"loop":false},"play-song_2":{"start":52.80000000000001,"end":56.72344671201815,"loop":false},"play-song":{"start":56.90000000000001,"end":59.90000000000001,"loop":false},"song-unlock":{"start":60.000000000000014,"end":63.20916099773244,"loop":false}}}