{"model":{"version":3,"nodes":[{"name":"RootNode","position":[0,0,0],"rotation":[0,0,0],"scale":[0.0254,0.0254,0.0254],"scaleCompensation":false},{"name":"yellow_tile003","position":[0,-1.5096e-14,0],"rotation":[-90,-0,0],"scale":[1,1,1],"scaleCompensation":false}],"parents":[-1,0],"skins":[],"morphs":[],"vertices":[{"position":{"type":"float32","components":3,"data":[17.1727,4.80174,11.7319,17.5028,8.97989,9.3287,16.2027,10.0576,10.6654,18.5845,2.57802,10.5121,14.4469,13.9596,8.21313,13.3618,13.7829,9.54925,12.8039,9.33419,10.7852,11.1838,11.6165,9.89151,13.2323,6.11467,11.3376,6.22386,15.2835,7.40208,4.18921,14.0523,5.84198,3.94391,13.5997,6.84974,6.70669,15.9396,6.22513,2.63767,11.5883,5.37904,2.69235,11.4278,6.25032,3.89963,11.5899,7.70659,2.79601,10.2742,7.22397,5.79508,12.7497,8.27146,-1.88859,9.9116,6.5066,-0.194089,0.201989,5.40479,0.094496,1.77819,5.23941,-1.42359,9.71503,5.82868,0.0793596,0.246462,5.38599,-2.44656,11.582,6.16719,-2.37653,11.7203,5.26618,-2.53904,10.4295,6.84831,-0.521673,0.158148,5.47876,-6.57725,16.216,5.87141,-9.56665,15.5522,7.6056,-6.08399,15.5613,6.89081,-10.3314,16.2713,6.6502,-13.1559,13.8132,8.7633,-14.2553,13.9967,8.00387,-10.9631,11.6456,9.48958,-8.37594,12.8886,8.5706,-5.63529,12.9905,7.88406,-18.3604,2.5606,9.79277,-16.6366,-4.07004,11.1124,-15.428,-1.27641,12.4562,-16.9231,4.7126,11.1138,-12.6573,-9.81012,11.9826,-11.8846,-6.59547,13.7212,-9.47495,-1.84093,12.5113,-12.022,1.8966,11.7507,-13.0015,5.98008,10.9271,-6.73992,-13.6063,12.5552,-6.37927,-9.9865,14.4266,0.111193,-11.1425,14.6834,0.111104,-14.9982,12.6304,-5.13561,-4.25243,13.0752,0.0930499,-5.04421,13.2835,6.94793,-13.5338,12.5795,6.59414,-9.73577,14.5024,12.857,-9.71552,12.035,12.0967,-6.2177,13.9052,5.32072,-3.85695,13.1194,9.67783,-1.24339,12.5907,16.8577,-4.0119,11.4253,15.6568,-1.01704,12.758,12.2454,2.3147,11.888,10.4804,16.1014,7.22045,9.73451,15.3754,8.3901,8.55902,12.7428,9.12989,-15.9676,10.0187,9.88299,-17.2957,8.97446,8.85829,-12.5765,9.30659,10.1146,-3.75651,13.8336,6.53519,-3.99002,14.2808,5.51105,-3.69954,11.8117,7.35931,2.22391,-0.543847,6.16004,2.42818,-0.880229,6.3291,2.42348,-1.27273,6.45669,1.05688,0.0977083,5.65876,0.689125,0.171742,5.54259,1.44429,-0.0397695,5.79709,-1.65969,-0.245607,5.87758,-2.01615,-0.539075,6.06459,-1.24358,-0.0293115,5.70669,-1.95721,-1.7645,6.44603,-1.48067,-2.21854,6.42058,-2.21645,-1.27011,6.36043,-0.760331,-2.549,6.35413,0.106293,-2.68428,6.34167,1.68738,-2.22375,6.51102,0.97215,-2.54997,6.40138,2.16498,-1.77206,6.54936,1.86495,-0.255256,5.97125,-2.2215,-0.879445,6.23412,-0.870756,0.0930506,5.57636,2.15125,9.83588,6.5451,0.325068,0.227101,5.43276,1.70764,9.64633,5.88414,0.094496,1.77819,5.23941,0.0793596,0.246462,5.38599,14.4904,12.4954,5.29154,10.8149,15.4685,5.99973,14.8001,13.2175,6.56377,10.681,14.676,4.92435,7.04975,15.328,5.46873,7.07365,14.5684,4.78281,4.51211,13.5364,5.21138,4.60133,12.8648,4.74146,2.8119,11.1241,4.78908,2.86515,10.5428,4.51906,1.63653,9.07902,5.29444,-1.35807,9.13292,5.2567,-2.52849,11.2392,4.70983,-2.58656,10.6534,4.46529,-4.38832,13.0769,4.47242,-4.29348,13.758,4.88091,-6.91539,15.6043,5.10619,-6.94338,14.8286,4.52192,-10.5531,14.8355,4.64501,-10.6818,15.6367,5.431,-14.3124,12.5347,5.10099,-14.6123,13.2538,6.16791,-17.7092,7.95737,6.99859,-17.2309,7.42459,5.63986,-18.9776,1.66876,7.93466,-18.3714,1.46768,6.47267,-16.8082,-5.07433,7.57498,-17.3857,-5.28684,9.31544,-12.8729,-10.543,8.28498,-13.292,-11.0544,9.98531,-7.11434,-15.0623,10.3692,-6.90441,-14.3356,8.40877,0.111466,-16.5507,10.505,0.10633,-15.7381,8.55277,7.10857,-14.3308,8.41802,7.326,-15.0599,10.2159,13.0694,-10.5427,8.47158,13.4952,-10.9461,10.002,17.5955,-4.44533,9.35286,17.0064,-4.12569,7.63488,19.1874,1.52853,8.45203,18.5679,1.0876,6.6381,17.4259,7.41926,5.76119,17.9173,7.95638,7.2512,-1.80043,0.464779,8.92441,-2.94448,-2.907,4.7501,-2.05067,-3.83947,6.7929,-2.58499,1.74748,7.46686,0.096749,-0.0505861,9.51259,0.0957698,-4.21659,7.59764,2.24616,-3.84658,6.7902,1.99581,0.466708,8.9269,3.14053,-2.90771,4.74613,2.78103,1.74668,7.46445,-0.963058,6.96004,11.3439,-1.39737,7.42194,10.3012,0.105586,6.75776,11.7614,1.17054,6.95703,11.3441,1.60551,7.42108,10.3054,-0.335128,9.0151,11.5795,-0.500111,9.23873,11.1866,0.0791718,8.91928,11.7413,0.492097,9.01465,11.58,0.656254,9.23965,11.1889,0.0980185,9.50181,11.4178,10.4726,10.4511,4.1702,7.75807,12.0151,4.25467,5.18475,11.9478,4.3222,-5.03867,12.1318,4.11586,-7.61416,12.1283,4.13067,-10.2936,10.4808,4.08986,-12.3585,6.82281,4.81806,-13.1458,1.84654,5.50713,-12.0173,-4.33634,6.47959,-9.20534,-7.3138,6.6811,-4.93012,-10.0026,6.94834,0.101994,-10.9949,7.04134,5.12886,-10.1116,6.95399,9.39871,-7.79358,6.8349,12.2103,-2.86147,6.31692,13.337,1.4671,5.52751,12.5486,6.81747,4.86892,-11.965,6.98997,4.26644,-11.2195,3.13981,4.44156,-9.36811,-1.13276,4.69172,-7.06519,-3.66236,4.85035,-3.6022,-4.93746,4.85066,0.100112,-5.5073,4.81305,3.90693,-4.93253,4.85226,7.47351,-3.60847,4.85363,10.0764,-0.628623,4.6965,11.6239,3.355,4.4468,12.1507,6.9834,4.27058]},"normal":{"type":"float32","components":3,