{"model":{"version":3,"nodes":[{"name":"RootNode","position":[0,0,0],"rotation":[0,0,0],"scale":[0.0254,0.0254,0.0254],"scaleCompensation":false},{"name":"Object035","position":[0,0,0],"rotation":[-90,-0,0],"scale":[0.393701,0.393701,0.393701],"scaleCompensation":false}],"parents":[-1,0],"skins":[],"morphs":[],"vertices":[{"position":{"type":"float32","components":3,"data":[196.431,-5.56164,132.808,194.004,-4.55657,0.143814,196.431,-5.56167,0.143829,194.004,-4.55654,132.808,194.004,-4.55654,132.808,192.999,-2.13002,0.143799,194.004,-4.55657,0.143814,192.999,-2.13,132.808,194.004,0.29655,0.143814,194.004,0.296573,132.808,196.431,1.30167,0.143814,196.431,1.30165,132.808,198.858,0.29655,0.143799,198.857,0.296573,132.808,199.863,-2.13,0.143814,199.863,-2.13,132.808,198.858,-4.55659,0.143814,198.857,-4.55654,132.808,186.93,-5.53762,132.808,-190.914,-4.53958,135.218,-190.914,-5.53762,132.808,186.93,-4.53956,135.218,186.93,-4.53956,135.218,-190.914,-2.13004,136.216,-190.914,-4.53958,135.218,186.93,-2.12997,136.216,-190.914,0.279527,135.218,186.93,0.27955,135.218,-190.914,1.27759,132.808,186.93,1.27764,132.808,-190.914,0.279527,130.399,186.93,0.27955,130.399,-190.914,-2.13004,129.401,186.93,-2.12999,129.401,-190.914,-4.53958,130.399,186.93,-4.53953,130.399,-197.092,-5.56368,132.808,-199.52,-4.558,0.143784,-197.092,-5.56368,0.143784,-199.52,-4.558,132.808,-199.52,-4.558,132.808,-200.525,-2.13003,0.143799,-199.52,-4.558,0.143784,-200.526,-2.13001,132.808,-199.52,0.297921,0.143799,-199.52,0.297944,132.808,-197.092,1.30362,0.143784,-197.092,1.30362,132.808,-194.664,0.297921,0.143784,-194.664,0.297944,132.808,-193.658,-2.13003,0.143799,-193.658,-2.13001,132.808,-194.664,-4.55798,0.143784,-194.664,-4.55798,132.808,-201.609,-7.18811,128.483,-201.609,-7.18811,134.462,-201.609,2.9279,134.462,-201.609,2.9279,134.462,-201.609,2.92791,128.483,-201.609,-7.18811,128.483,-192.871,2.9279,137.256,-192.871,-7.18811,137.256,-182.62,-7.18289,137.26,-182.62,-7.18289,137.26,-182.62,2.93144,137.26,-192.871,2.9279,137.256,-192.868,-7.18811,128.482,-192.871,-7.18811,137.256,-198.735,-7.18811,137.256,-201.609,-7.18811,134.462,-201.609,-7.18811,128.483,-192.868,-7.18811,128.482,-192.871,2.9279,137.256,-198.735,2.9279,137.256,-198.735,-7.18811,137.256,-198.735,-7.18811,137.256,-192.871,-7.18811,137.256,-192.871,-7.18341,117.218,-192.868,-7.18811,128.482,-201.609,-7.18811,128.483,-201.609,-7.18811,128.483,-201.612,-7.18341,117.218,-192.871,-7.18341,117.218,-192.871,2.93084,117.218,-192.868,2.9279,128.482,-192.868,-7.18811,128.482,-192.868,-7.18811,128.482,-192.871,-7.18341,117.218,-192.871,2.93084,117.218,-201.612,-7.18341,117.218,-201.609,-7.18811,128.483,-201.609,2.92791,128.483,-201.609,2.92791,128.483,-201.612,2.93084,117.218,-201.612,-7.18341,117.218,-192.871,-7.18811,137.256,-192.868,-7.18811,128.482,-182.618,-7.18289,128.484,-182.618,-7.18289,128.484,-182.62,-7.18289,137.26,-192.871,-7.18811,137.256,-192.868,2.9279,128.482,-182.618,2.93144,128.484,-182.618,-7.18289,128.484,-182.618,-7.18289,128.484,-192.868,-7.18811,128.482,-192.868,2.9279,128.482,-201.609,-7.18811,134.462,-198.735,-7.18811,137.256,-201.609,2.9279,134.462,-198.735,2.9279,137.256,-201.609,2.9279,134.462,-198.735,-7.18811,137.256,-192.868,-7.18811,128.482,-198.735,-7.18811,137.256,-201.609,-7.18811,134.462,-182.62,2.93144,137.26,-182.62,-7.18289,137.26,-181.35,-2.75596,132.8,-182.62,-7.18289,137.26,-182.618,-7.18289,128.484,-181.35,-2.75596,132.8,-182.618,-7.18289,128.484,-182.618,2.93144,128.484,-181.35,-2.75596,132.8,-192.871,-7.18341,117.218,-201.612,-7.18341,117.218,-197.241,-2.64554,115.899,-192.871,2.93084,117.218,-192.871,-7.18341,117.218,-197.241,-2.64554,115.899,-201.612,-7.18341,117.218,-201.612,2.93084,117.218,-197.241,-2.64554,115.899,197.931,-0.700798,5.21773,197.931,151.439,5.21773,193.558,151.442,5.21778,193.558,151.442,5.21778,193.558,-0.700798,5.21782,197.931,-0.700798,5.21773,197.931,-0.700798,0.566919,197.931,151.439,0.566942,197.931,151.439,5.21773,197.931,151.439,5.21773,197.931,-0.700798,5.21773,197.931,-0.700798,0.566919,193.558,-0.700798,5.21782,193.558,151.442,5.21778,193.558,151.442,0.566965,193.558,151.442,0.566965,193.558,-0.700798,0.566942,193.558,-0.700798,5.21782,-195.609,-1.60836,5.21987,-195.609,151.439,5.21985,-199.988,151.441,5.21987,-199.988,151.441,5.21987,-199.988,-1.60838,5.21985,-195.609,-1.60836,5.21987,-195.609,-1.60838,0.56271,-195.609,151.439,0.56271,-195.609,151.439,5.21985,-195.609,151.439,5.21985,-195.609,-1.60836,5.21987,-195.609,-1.60838,0.56271,-199.988,-1.60838,5.21985,-199.988,151.441,5.21987,-199.988,151.441,0.56271,-199.988,-1.60836,0.56271,200.797,-7.18811,128.483,200.797,2.9279,134.462,200.797,-7.18811,134.462,200.797,2.9279,134.462,200.797,-7.18811,128.483,200.797,2.92791,128.483,192.059,2.9279,137.256,181.808,-7.18289,137.26,192.059,-7.18811,137.256,181.808,-7.18289,137.26,192.059,2.9279,137.256,181.808,2.93144,137.26,192.056,-7.18811,128.482,197.924,-7.18811,137.256,192.059,-7.18811,137.256,200.797,-7.18811,134.462,192.056,-7.18811,128.482,200.797,-7.18811,128.483,192.059,2.9279,137.256,197.924,-7.18811,137.256,197.924,2.9279,137.256,192.059,-7.18811,137.256,192.059,-7.18341,117.218,200.797,-7.18811,128.483,192.056,-7.18811,128.482,200.797,-7.18811,128.483,192.059,-7.18341,117.218,200.8,-7.18341,117.218,192.059,2.93084,117.218,192.056,-7.18811,128.482,192.056,2.9279,128.482,192.056,-7.18811,128.482,192.059,2.93084,117.218,192.059,-7.18341,117.218,200.8,-7.18341,117.218,200.797,2.92791,128.483,200.797,-7.18811,128.483,200.797,2.92791,128.483,200.8,-7.18341,117.218,200.8,2.93084,117.218,192.059,-7.18811,137.256,181.806,-7.18289,128.484,192.056,-7.18811,128.482,181.806,-7.18289,128.484,192.059,-7.18811,137.256,181.808,-7.18289,137.26,192.056,2.9279,128.482,181.806,-7.18289,128.484,181.806,2.93144,128.484,181.806,-7.18289,128.484,192.056,2.9279,128.482,192.056,-7.18811,128.482,200.797,-7.18811,134.462,200.797,2.9279,134.462,197.924,-7.18811,137.256,197.924,2.9279,137.256,197.924,-7.18811,137.256,200.797,2.9279,134.462,192.056,-7.18811,128.482,200.797,-7.18811,134.462,197.924,-7.18811,137.256,181.808,2.93144,137.26,180.538,-2.75596,132.8,181.808,-7.18289,137.26,181.808,-7.18289,137.26,180.538,-2.75596,132.8,181.806,-7.18289,128.484,181.806,-7.18289,128.484,180.538,-2.75596,132.8,181.806,2.93144,128.484,192.059,-7.18341,117.218,196.429,-2.64554,115.899,200.8,-7.18341,117.218,192.059,2.93084,117.218,196.429,-2.64554,115.899,192.059,-7.18341,117.218,200.8,-7.18341,117.218,196.429,-2.64554,115.899,200.8,2.93084,117.218]},"normal":{"type":"float32","components":3,