{"c2array":true,"size":[568,3,1],"data":[[[392],[560],[2136]],[[391],[592],[2168]],[[390],[624],[2200]],[[389],[656],[2232]],[[388],[688],[2264]],[[387],[720],[2296]],[[386],[752],[2328]],[[385],[784],[2360]],[[384],[816],[2392]],[[383],[848],[2424]],[["point"],[847.0710682367892],[2424.9289317632106]],[[382],[816],[2456]],[[381],[784],[2488]],[["gem"],[776],[2496]],[[380],[752],[2520]],[["point"],[736],[2552]],[[379],[736],[2552]],[[378],[768],[2584]],[[377],[800],[2616]],[[376],[832],[2648]],[[375],[864],[2680]],[["point"],[867.5355341183946],[2692.4644658816055]],[[374],[848],[2712]],[[373],[816],[2744]],[["gem"],[811.5355341183977],[2748.4644658816023]],[[372],[784],[2776]],[["point"],[764.4644658816023],[2804.4644658816023]],[[371],[768],[2808]],[[370],[800],[2840]],[[369],[832],[2872]],[[368],[864],[2904]],[[367],[896],[2936]],[["point"],[891.5355341183977],[2940.4644658816023]],[[366],[864],[2968]],[[365],[832],[3000]],[["gem"],[819.5355341183946],[3012.4644658816055]],[[364],[800],[3032]],[[363],[768],[3064]],[["point"],[772.4644658816023],[3068.4644658816023]],[[362],[800],[3096]],[[361],[832],[3128]],[["gem"],[836.4644658816023],[3132.4644658816023]],[[360],[864],[3160]],[[359],[896],[3192]],[["gem"],[904],[3200]],[[358],[928],[3224]],[["gem"],[952],[3248]],[[357],[960],[3256]],[[356],[992],[3288]],[[355],[1024],[3320]],[["point"],[1016],[3328]],[[354],[992],[3352]],[[353],[960],[3384]],[["gem"],[959.0710682367953],[3384.9289317632047]],[[352],[928],[3416]],[[351],[896],[3448]],[["gem"],[891.5355341183977],[3452.4644658816023]],[[350],[864],[3480]],[[349],[832],[3512]],[["gem"],[831.0710682367953],[3512.9289317632047]],[[348],[800],[3544]],[[347],[768],[3576]],[["gem"],[767.0710682367923],[3576.928931763208]],[[346],[736],[3608]],[["point"],[728],[3632]],[[345],[736],[3640]],[[344],[768],[3672]],[["gem"],[788.4644658816054],[3692.4644658816055]],[[343],[800],[3704]],[["point"],[816],[3736]],[[342],[816],[3736]],[["point"],[808],[3760]],[[341],[816],[3768]],[[340],[848],[3800]],[[339],[880],[3832]],[["point"],[879.0710682367953],[3832.9289317632047]],[[338],[848],[3864]],[[337],[816],[3896]],[["gem"],[815.0710682367953],[3896.9289317632047]],[[336],[784],[3928]],[[335],[752],[3960]],[["gem"],[747.5355341183977],[3964.4644658816023]],[[334],[720],[3992]],[[333],[688],[4024]],[["gem"],[687.0710682367923],[4024.928931763208]],[[332],[656],[4056]],[["gem"],[624],[4088]],[[331],[624],[4088]],[[330],[592],[4120]],[["point"],[568.9289317632047],[4144.928931763205]],[[329],[576],[4152]],[[328],[608],[4184]],[["gem"],[640],[4216]],[[327],[640],[4216]],[[326],[672],[4248]],[["point"],[667.5355341183946],[4252.464465881605]],[["point"],[652.4644658816023],[4276.464465881602]],[[325],[656],[4280]],[[324],[688],[4312]],[[323],[720],[4344]],[["point"],[719.0710682367923],[4344.928931763207]],[[322],[688],[4376]],[[321],[656],[4408]],[["gem"],[655.0710682367923],[4408.928931763207]],[[320],[624],[4440]],[[319],[592],[4472]],[["point"],[592.9289317632077],[4472.928931763207]],[[318],[624],[4504]],[[317],[656],[4536]],[["gem"],[660.4644658816054],[4540.464465881605]],[[316],[688],[4568]],[[315],[720],[4600]],[[314],[752],[4632]],[["point"],[744],[4640]],[["point"],[736],[4664]],[[313],[736],[4664]],[[312],[768],[4696]],[[311],[800],[4728]],[["gem"],[808.9289317632047],[4736.928931763205]],[[310],[832],[4760]],[[309],[864],[4792]],[[308],[896],[4824]],[[307],[928],[4856]],[["point"],[935.0710682367938],[4864.9289317632065]],[[306],[912],[4888]],[[305],[880],[4920]],[["gem"],[872],[4928]],[[304],[848],[4952]],[[303],[816],[4984]],[[302],[784],[5016]],[["gem"],[776],[5024]],[[301],[752],[5048]],[[300],[720],[5080]],[["point"],[720],[5096]],[[299],[736],[5112]],[["point"],[728],[5120]],[[298],[704],[5144]],[[297],[672],[5176]],[["gem"],[671.0710682367938],[5176.9289317632065]],[[296],[640],[5208]],[[295],[608],[5240]],[[294],[576],[5272]],[["point"],[568.9289317632062],[5280.9289317632065]],[[293],[592],[5304]],[["point"],[587.5355341183977],[5308.464465881602]],[[292],[560],[5336]],[[291],[528],[5368]],[["gem"],[523.5355341183977],[5372.464465881602]],[[290],[496],[5400]],[[289],[464],[5432]],[["gem"],[459.5355341183977],[5436.464465881602]],[[288],[432],[5464]],[[287],[400],[5496]],[["point"],[384.9289317632061],[5512.9289317632065]],[[286],[400],[5528]],[[285],[432],[5560]],[["gem"],[436.4644658816038],[5564.464465881604]],[[284],[464],[5592]],[[283],[496],[5624]],[["point"],[488],[5632]],[[282],[464],[5656]],[["gem"],[432],[5688]],[[281],[432],[5688]],[[280],[400],[5720]],[[279],[368],[5752]],[[278],[336],[5784]],[[277],[304],[5816]],[["point"],[296],[5840]],[[276],[304],[5848]],[[275],[336],[5880]],[[274],[368],[5912]],[["point"],[391.0710682367939],[5936.9289317632065]],[[273],[384],[5944]],[["point"],[384],[5960]],[[272],[400],[5976]],[["point"],[416],[6008]],[[271],[416],[6008]],[[270],[384],[6040]],[[269],[352],[6072]],[["point"],[352],[6088]],[[268],[368],[6104]],[[267],[400],[6136]],[[266],[432],[6168]],[["point"],[427.5355341183962],[6172.464465881604]],[["point"],[412.4644658816023],[6196.464465881602]],[[265],[416],[6200]],[["gem"],[432],[6216]],[[264],[448],[6232]],[[263],[480],[6264]],[[262],[512],[6296]],[["point"],[527.0710682367938],[6312.9289317632065]],[[261],[512],[6328]],[["point"],[508.4644658816023],[6340.464465881602]],[[260],[528],[6360]],[[259],[560],[6392]],[["gem"],[568],[6400]],[[258],[592],[6424]],[[257],[624],[6456]],[["point"],[631.0710682367938],[6464.9289317632065]],[[256],[608],[6488]],[[255],[576],[6520]],[["gem"],[568],[6528]],[[254],[544],[6552]],[[253],[512],[6584]],[["point"],[504.9289317632061],[6592.9289317632065]],[[252],[528],[6616]],[[251],[560],[6648]],[["gem"],[568],[6656]],[[250],[592],[6680]],[[249],[624],[6712]],[["point"],[631.0710682367938],[6720.9289317632065]],[[248],[608],[6744]],[[247],[576],[6776]],[["gem"],[563.5355341183977],[6788.464465881602]],[[246],[544],[6808]],[[245],[512],[6840]],[["point"],[508.4644658816023],[6852.464465881602]],[[244],[528],[6872]],[[243],[560],[6904]],[["gem"],[564.4644658816038],[6908.464465881604]],[[242],[592],[6936]],[["point"],[608],[6968]],[[241],[608],[6968]],[[240],[576],[7000]],[["gem"],[544],[7032]],[[239],[544],[7032]],[[238],[512],[7064]],[[237],[480],[7096]],[["point"],[484.4644658816038],[7100.464465881604]],[[236],[512],[7128]],[[235],[544],[7160]],[["gem"],[548.4644658816038],[7164.464465881604]],[[234],[576],[7192]],[[233],[608],[7224]],[[232],[640],[7256]],[["point"],[651.5355341183962],[7276.464465881604]],[["gem"],[640],[7288]],[[231],[640],[7288]],[[230],[608],[7320]],[[229],[576],[7352]],[["gem"],[575.0710682367938],[7352.9289317632065]],[[228],[544],[7384]],[[227],[512],[7416]],[["gem"],[503.0710682367939],[7424.9289317632065]],[[226],[480],[7448]],[["point"],[460.4644658816038],[7476.464465881604]],[[225],[464],[7480]],[[224],[496],[7512]],[[223],[528],[7544]],[["point"],[523.5355341183977],[7548.464465881602]],[[222],[496],[7576]],[[221],[464],[7608]],[["point"],[456.9289317632061],[7616.9289317632065]],[[220],[480],[7640]],[[219],[512],[7672]],[["gem"],[520.9289317632062],[7680.9289317632065]],[[218],[544],[7704]],[[217],[576],[7736]],[["point"],[568],[7744]],[[216],[544],[7768]],[[215],[512],[7800]],[["point"],[512.9289317632077],[7800.928931763207]],[[214],[544],[7832]],[["point"],[563.5355341183962],[7860.464465881604]],[[213],[560],[7864]],[[212],[528],[7896]],[["gem"],[496],[7928]],[[211],[496],[7928]],[[210],[464],[7960]],[[209],[432],[7992]],[["gem"],[427.5355341183977],[7996.464465881602]],[[208],[400],[8024]],[[207],[368],[8056]],[["point"],[368.9289317632061],[8056.9289317632065]],[[206],[400],[8088]],[["point"],[416],[8120]],[[205],[416],[8120]],[[204],[384],[8152]],[[203],[352],[8184]],[["point"],[356.4644658816023],[8188.464465881602]],[[202],[384],[8216]],[[201],[416],[8248]],[[200],[448],[8280]],[["point"],[456],[8304]],[["gem"],[451.5355341183962],[8308.464465881603]],[[199],[448],[8312]],[[198],[416],[8344]],[["point"],