{"c2array":true,"size":[516,3,1],"data":[[[371],[16],[2808]],[[370],[48],[2840]],[[369],[80],[2872]],[[368],[112],[2904]],[[367],[144],[2936]],[[366],[176],[2968]],[[365],[208],[3000]],[[364],[240],[3032]],[[363],[272],[3064]],[[362],[304],[3096]],[[361],[336],[3128]],[[360],[368],[3160]],[[359],[400],[3192]],[[358],[432],[3224]],[[357],[464],[3256]],[[356],[496],[3288]],[[355],[528],[3320]],[[354],[560],[3352]],[[353],[592],[3384]],[[352],[624],[3416]],[[351],[656],[3448]],[[350],[688],[3480]],[[349],[720],[3512]],[["point"],[712],[3520]],[[348],[688],[3544]],[[347],[656],[3576]],[["gem"],[651.5355341183977],[3580.4644658816023]],[[346],[624],[3608]],[["point"],[608],[3640]],[[345],[608],[3640]],[[344],[640],[3672]],[["gem"],[660.4644658816054],[3692.4644658816055]],[[343],[672],[3704]],[[342],[704],[3736]],[["point"],[712],[3760]],[[341],[704],[3768]],[[340],[672],[3800]],[[339],[640],[3832]],[[338],[608],[3864]],[["gem"],[600],[3872]],[[337],[576],[3896]],[[336],[544],[3928]],[[335],[512],[3960]],[["point"],[492.4644658816023],[3988.4644658816023]],[[334],[496],[3992]],[[333],[528],[4024]],[["gem"],[552],[4048]],[[332],[560],[4056]],[[331],[592],[4088]],[["point"],[615.0710682367923],[4112.928931763207]],[[330],[608],[4120]],[[329],[576],[4152]],[["gem"],[551.0710682367953],[4176.928931763205]],[[328],[544],[4184]],[[327],[512],[4216]],[[326],[480],[4248]],[["point"],[488],[4256]],[[325],[512],[4280]],[[324],[544],[4312]],[[323],[576],[4344]],[["gem"],[584],[4352]],[[322],[608],[4376]],[[321],[640],[4408]],[["point"],[647.0710682367923],[4416.928931763207]],[[320],[624],[4440]],[[319],[592],[4472]],[["gem"],[591.0710682367923],[4472.928931763207]],[[318],[560],[4504]],[[317],[528],[4536]],[[316],[496],[4568]],[[315],[464],[4600]],[["point"],[468.4644658816038],[4604.464465881604]],[[314],[496],[4632]],[[313],[528],[4664]],[[312],[560],[4696]],[["gem"],[568.9289317632062],[4704.9289317632065]],[[311],[592],[4728]],[[310],[624],[4760]],[[309],[656],[4792]],[["point"],[672],[4824]],[[308],[672],[4824]],[[307],[640],[4856]],[["point"],[632],[4880]],[[306],[640],[4888]],[[305],[672],[4920]],[["point"],[688],[4952]],[[304],[688],[4952]],[[303],[656],[4984]],[[302],[624],[5016]],[[301],[592],[5048]],[["gem"],[600],[5056]],[["point"],[600],[5056]],[[300],[624],[5080]],[[299],[656],[5112]],[[298],[688],[5144]],[["gem"],[716.4644658816038],[5172.464465881604]],[[297],[720],[5176]],[["point"],[715.5355341183977],[5180.464465881602]],[[296],[688],[5208]],[[295],[656],[5240]],[[294],[624],[5272]],[["gem"],[608],[5304]],[["point"],[608],[5304]],[[293],[608],[5304]],[[292],[640],[5336]],[[291],[672],[5368]],[[290],[704],[5400]],[["point"],[723.5355341183962],[5428.464465881604]],[[289],[720],[5432]],[[288],[688],[5464]],[["gem"],[667.5355341183977],[5484.464465881602]],[[287],[656],[5496]],[[286],[624],[5528]],[["gem"],[607.0710682367938],[5544.9289317632065]],[[285],[592],[5560]],[[284],[560],[5592]],[["gem"],[547.5355341183962],[5604.464465881604]],[[283],[528],[5624]],[[282],[496],[5656]],[[281],[464],[5688]],[[280],[432],[5720]],[["gem"],[427.5355341183962],[5724.464465881604]],[[279],[400],[5752]],[[278],[368],[5784]],[["gem"],[363.53553411839465],[5788.464465881605]],[[277],[336],[5816]],[[276],[304],[5848]],[[275],[272],[5880]],[["point"],[256],[5912]],[[274],[256],[5912]],[[273],[288],[5944]],[["gem"],[304],[5960]],[[272],[320],[5976]],[[271],[352],[6008]],[["gem"],[360.9289317632061],[6016.9289317632065]],[[270],[384],[6040]],[[269],[416],[6072]],[["gem"],[416.9289317632061],[6072.9289317632065]],[[268],[448],[6104]],[[267],[480],[6136]],[["gem"],[488],[6144]],[[266],[512],[6168]],[[265],[544],[6200]],[["gem"],[552],[6208]],[[264],[576],[6232]],[[263],[608],[6264]],[["gem"],[616],[6272]],[[262],[640],[6296]],[[261],[672],[6328]],[[260],[704],[6360]],[["point"],[720],[6392]],[[259],[720],[6392]],[[258],[688],[6424]],[["gem"],[663.0710682367938],[6448.9289317632065]],[[257],[656],[6456]],[[256],[624],[6488]],[["gem"],[603.5355341183962],[6508.464465881604]],[[255],[592],[6520]],[[254],[560],[6552]],[["gem"],[539.5355341183962],[6572.464465881604]],[[253],[528],[6584]],[[252],[496],[6616]],[[251],[464],[6648]],[["point"],[448],[6680]],[[250],[448],[6680]],[[249],[480],[6712]],[["gem"],[508.4644658816023],[6740.464465881602]],[[248],[512],[6744]],[[247],[544],[6776]],[["point"],[560],[6808]],[[246],[560],[6808]],[[245],[528],[6840]],[["gem"],[499.5355341183977],[6868.464465881602]],[[244],[496],[6872]],[[243],[464],[6904]],[["point"],[452.4644658816038],[6924.464465881604]],[[242],[464],[6936]],[[241],[496],[6968]],[["gem"],[516.4644658816038],[6988.464465881604]],[[240],[528],[7000]],[[239],[560],[7032]],[["point"],[560],[7048]],[[238],[544],[7064]],[[237],[512],[7096]],[["gem"],[495.0710682367939],[7112.9289317632065]],[[236],[480],[7128]],[[235],[448],[7160]],[["point"],[444.4644658816038],[7172.464465881604]],[[234],[464],[7192]],[[233],[496],[7224]],[["gem"],[504.9289317632061],[7232.9289317632065]],[[232],[528],[7256]],[[231],[560],[7288]],[["point"],[559.0710682367938],[7288.9289317632065]],[[230],[528],[7320]],[[229],[496],[7352]],[[228],[464],[7384]],[["gem"],[439.0710682367939],[7408.9289317632065]],[[227],[432],[7416]],[[226],[400],[7448]],[["point"],[388.4644658816023],[7468.464465881602]],[[225],[400],[7480]],[[224],[432],[7512]],[["gem"],[448.92893176320763],[7528.928931763208]],[[223],[464],[7544]],[[222],[496],[7576]],[["point"],[504],[7600]],[[221],[496],[7608]],[[220],[464],[7640]],[["gem"],[448],[7656]],[[219],[432],[7672]],[[218],[400],[7704]],[["point"],[396.4644658816023],[7716.464465881602]],[[217],[416],[7736]],[[216],[448],[7768]],[[215],[480],[7800]],[[214],[512],[7832]],[["gem"],[512.9289317632062],[7832.9289317632065]],[[213],[544],[7864]],[["point"],[567.0710682367938],[7888.9289317632065]],[[212],[560],[7896]],[[211],[528],[7928]],[["gem"],[503.0710682367939],[7952.9289317632065]],[[210],[496],[7960]],[[209],[464],[7992]],[["point"],[440.9289317632061],[8016.9289317632065]],[[208],[448],[8024]],[[207],[480],[8056]],[["gem"],[500.4644658816023],[8076.464465881602]],[[206],[512],[8088]],[[205],[544],[8120]],[["point"],[544],[8136]],[[204],[528],[8152]],[[203],[496],[8184]],[["gem"],[487.0710682367939],[8192.928931763205]],[[202],[464],[8216]],[[201],[432],[8248]],[["point"],[440],[8256]],[[200],[464],[8280]],[[199],[496],[8312]],[["gem"],[496.9289317632061],[8312.928931763205]],[[198],[528],[8344]],[[197],[560],[8376]],[[196],[592],[8408]],[["point"],[603.5355341183977],[8428.464465881601]],[[195],[592],[8440]],[[194],[560],[8472]],[["gem"],[539.5355341183977],[8492.464465881601]],[[193],[528],[8504]],[[192],[496],[8536]],[["point"],[496],[8552]],[[191],[512],[8568]],[[190],[544],[8600]],[["gem"],[552],[8608]],[[189],[576],[8632]],[[188],[608],[8664]],[["point"],[611.5355341183977],[8676.464465881601]],[[187],[592],[8696]],[[186],[560],[8728]],[["gem"],[555.5355341183962],[8732.464465881603]],[[185],[528],[8760]],[[184],[496],[8792]],[["point"],[504],[8800]],[[183],[528],[8824]],[[182],[560],[8856]],[[181],[592],[8888]],[["gem"],[616],[8912]],[[180],[624],[8920]],[[179],[656],[8952]],[["point"],[671.0710682367938],[8968.928931763205]],[[178],[656],[8984]],[[177],[624],[9016]],[["gem"],[603.5355341183977],[9036.464465881601]],[[176],[592],[9048]],[[175],[560],[9080]],[["point"],[544.9289317632062],[9096.928931763205]],[[174],[560],[9112]],[[173],[592],[9144]],[["gem"],[600.9289317632062],[9152.928931763205]],[[172],[624],[9176]],[[171],[656],[9208]],[[170],[688],[9240]],[["point"],[704],[9272]],[[169],[704],[9272]],[[168],[672],[9304]],[["gem"],[648],[9328]],[[167],[640],[9336]],[[166],[608],[9368]],[["point"],[600],[9392]],[[165],[608],[9400]],[[164],[640],[9432]],[["gem"],[656.9289317632062],[9448.928931763205]],[[163],[672],[9464]],[[162],[704],[9496]],[["point"],[704],[9512]],[[161],[688],[9528]],[[160],[656],[9560]],[["gem"],[648],[9568]],[[159],[624],[9592]],[[158],[592],[9624]],[["point"],[584.9289317632062],