{"c2array":true,"size":[601,3,1],"data":[[[378],[432],[2584]],[[377],[400],[2616]],[[376],[368],[2648]],[[375],[336],[2680]],[[374],[304],[2712]],[[373],[272],[2744]],[[372],[240],[2776]],[[371],[208],[2808]],[[370],[176],[2840]],[[369],[144],[2872]],[[368],[112],[2904]],[[367],[80],[2936]],[["gem"],[80.92893176320456],[2936.9289317632047]],[["point"],[84.46446588160228],[2940.4644658816023]],[[366],[112],[2968]],[[365],[144],[3000]],[[364],[176],[3032]],[[363],[208],[3064]],[[362],[240],[3096]],[[361],[272],[3128]],[[360],[304],[3160]],[[359],[336],[3192]],[[358],[368],[3224]],[[357],[400],[3256]],[[356],[432],[3288]],[["gem"],[448],[3304]],[["point"],[447.07106823679544],[3304.9289317632047]],[[355],[432],[3320]],[[354],[400],[3352]],[[353],[368],[3384]],[[352],[336],[3416]],[[351],[304],[3448]],[[350],[272],[3480]],[[349],[240],[3512]],[["point"],[224.92893176320766],[3528.928931763208]],[[348],[240],[3544]],[[347],[272],[3576]],[[346],[304],[3608]],[[345],[336],[3640]],[[344],[368],[3672]],[["point"],[379.5355341183977],[3692.4644658816023]],[["gem"],[376],[3696]],[[343],[368],[3704]],[[342],[336],[3736]],[["point"],[320],[3768]],[[341],[320],[3768]],[["gem"],[320.92893176320763],[3768.928931763208]],[[340],[352],[3800]],[[339],[384],[3832]],[["point"],[392],[3856]],[["gem"],[391.07106823679237],[3856.928931763208]],[[338],[384],[3864]],[[337],[352],[3896]],[[336],[320],[3928]],[["point"],[320],[3944]],[["gem"],[320.92893176320763],[3944.928931763208]],[[335],[336],[3960]],[["point"],[351.07106823679237],[3976.928931763208]],[["gem"],[351.07106823679237],[3976.928931763208]],[[334],[336],[3992]],[[333],[304],[4024]],[[332],[272],[4056]],[["point"],[252.46446588160228],[4084.4644658816023]],[[331],[256],[4088]],[["point"],[272],[4120]],[[330],[272],[4120]],[["gem"],[271.07106823679237],[4120.928931763207]],[[329],[240],[4152]],[["point"],[240],[4168]],[["gem"],[240],[4168]],[[328],[256],[4184]],[[327],[288],[4216]],[["point"],[311.07106823679544],[4240.928931763205]],[[326],[304],[4248]],[[325],[272],[4280]],[[324],[240],[4312]],[["point"],[240.92893176320456],[4312.928931763205]],[["gem"],[244.46446588160228],[4316.464465881602]],[[323],[272],[4344]],[[322],[304],[4376]],[[321],[336],[4408]],[[320],[368],[4440]],[[319],[400],[4472]],[["point"],[399.07106823679544],[4472.928931763205]],[[318],[368],[4504]],[[317],[336],[4536]],[["gem"],[319.07106823679544],[4552.928931763205]],[[316],[304],[4568]],[[315],[272],[4600]],[["point"],[256],[4632]],[[314],[256],[4632]],[[313],[288],[4664]],[[312],[320],[4696]],[["gem"],[336],[4712]],[[311],[352],[4728]],[[310],[384],[4760]],[["point"],[400],[4792]],[[309],[400],[4792]],[["gem"],[399.0710682367939],[4792.9289317632065]],[[308],[368],[4824]],[[307],[336],[4856]],[[306],[304],[4888]],[["point"],[308.4644658816038],[4892.464465881604]],[["gem"],[312.9289317632061],[4896.9289317632065]],[[305],[336],[4920]],[["point"],[343.0710682367939],[4928.9289317632065]],[["gem"],[339.5355341183977],[4932.464465881602]],[[304],[320],[4952]],[["point"],[320],[4968]],[["gem"],[320],[4968]],[[303],[336],[4984]],[[302],[368],[5016]],[[301],[400],[5048]],[[300],[432],[5080]],[["point"],[424],[5088]],[["gem"],[423.0710682367939],[5088.9289317632065]],[[299],[400],[5112]],[[298],[368],[5144]],[["gem"],[344],[5168]],[["point"],[344.9289317632061],[5168.9289317632065]],[[297],[352],[5176]],[[296],[384],[5208]],[["point"],[400],[5240]],[[295],[400],[5240]],[["gem"],[399.0710682367939],[5240.9289317632065]],[[294],[368],[5272]],[[293],[336],[5304]],[["point"],[328],[5328]],[["gem"],[328],[5328]],[[292],[336],[5336]],[[291],[368],[5368]],[[290],[400],[5400]],[["gem"],[400.9289317632061],[5400.9289317632065]],[[289],[432],[5432]],[[288],[464],[5464]],[["point"],[487.0710682367939],[5488.9289317632065]],[[287],[480],[5496]],[[286],[448],[5528]],[["point"],[448.9289317632061],[5528.9289317632065]],[["gem"],[452.4644658816038],[5532.464465881604]],[[285],[480],[5560]],[["point"],[479.0710682367939],[5560.9289317632065]],[["gem"],[475.5355341183977],[5564.464465881602]],[[284],[448],[5592]],[[283],[416],[5624]],[[282],[384],[5656]],[[281],[352],[5688]],[["point"],[352],[5704]],[["gem"],[352.9289317632061],[5704.9289317632065]],[[280],[368],[5720]],[[279],[400],[5752]],[["point"],[416],[5784]],[[278],[416],[5784]],[[277],[384],[5816]],[[276],[352],[5848]],[["point"],[348.4644658816038],[5860.464465881604]],[["gem"],[352],[5864]],[[275],[368],[5880]],[[274],[400],[5912]],[["point"],[423.07106823679237],[5936.928931763208]],[["gem"],[423.07106823679237],[5936.928931763208]],[[273],[416],[5944]],[[272],[384],[5976]],[[271],[352],[6008]],[["point"],[360],[6016]],[[270],[384],[6040]],[[269],[416],[6072]],[["point"],[416],[6088]],[["gem"],[416],[6088]],[[268],[400],[6104]],[[267],[368],[6136]],[["point"],[348.4644658816038],[6164.464465881604]],[["gem"],[352],[6168]],[[266],[352],[6168]],[[265],[384],[6200]],[[264],[416],[6232]],[["point"],[419.5355341183977],[6244.464465881602]],[[263],[400],[6264]],[[262],[368],[6296]],[[261],[336],[6328]],[["point"],[340.46446588160535],[6332.464465881605]],[[260],[368],[6360]],[[259],[400],[6392]],[["point"],[407.0710682367939],[6400.9289317632065]],[["gem"],[400],[6408]],[[258],[384],[6424]],[[257],[352],[6456]],[["point"],[344],[6480]],[[256],[352],[6488]],[[255],[384],[6520]],[[254],[416],[6552]],[["point"],[408],[6560]],[["gem"],[408],[6560]],[[253],[384],[6584]],[[252],[352],[6616]],[["point"],[344],[6640]],[[251],[352],[6648]],[[250],[384],[6680]],[["point"],[400],[6712]],[["gem"],[400],[6712]],[[249],[400],[6712]],[[248],[368],[6744]],[[247],[336],[6776]],[["point"],[336],[6792]],[[246],[352],[6808]],[[245],[384],[6840]],[["point"],[395.536184194918],[6860.463815805082]],[[244],[384],[6872]],[[243],[352],[6904]],[[242],[320],[6936]],[["point"],[312.9289317632061],[6944.9289317632065]],[[241],[336],[6968]],[[240],[368],[7000]],[["point"],[376],[7024]],[[239],[368],[7032]],[[238],[336],[7064]],[[237],[304],[7096]],[["point"],[312],[7104]],[[236],[336],[7128]],[[235],[368],[7160]],[["point"],[376],[7184]],[[234],[368],[7192]],[[233],[336],[7224]],[[232],[304],[7256]],[["gem"],[296.9289317632061],[7264.9289317632065]],[["point"],[296.9289317632061],[7264.9289317632065]],[[231],[320],[7288]],[[230],[352],[7320]],[["point"],[363.5355341183977],[7340.464465881602]],[[229],[352],[7352]],[[228],[320],[7384]],[["point"],[304],[7416]],[[227],[304],[7416]],[[226],[336],[7448]],[[225],[368],[7480]],[["point"],[371.5355341183962],[7492.464465881604]],[[224],[352],[7512]],[[223],[320],[7544]],[["point"],[300.4644658816038],[7572.464465881604]],[[222],[304],[7576]],[[221],[336],[7608]],[[220],[368],[7640]],[["gem"],[384],[7656]],[[219],[400],[7672]],[[218],[432],[7704]],[["point"],[443.53553411839465],[7724.464465881605]],[[217],[432],[7736]],[[216],[400],[7768]],[["gem"],[371.5355341183977],[7796.464465881602]],[[215],[368],[7800]],[[214],[336],[7832]],[[213],[304],[7864]],[["point"],[304],[7880]],[[212],[320],[7896]],[[211],[352],[7928]],[["gem"],[372.4644658816023],[7948.464465881602]],[[210],[384],[7960]],[[209],[416],[7992]],[[208],[448],[8024]],[["point"],[443.5355341183977],[8028.464465881602]],[[207],[416],[8056]],[[206],[384],[8088]],[["point"],[376],[8112]],[[205],[384],[8120]],[[204],[416],[8152]],[["gem"],[448],[8184]],[[203],[448],[8184]],[[202],[480],[8216]],[[201],[512],[8248]],[["point"],[519.0710682367938],[8256.928931763205]],[[200],[496],[8280]],[[199],[464],[8312]],[["point"],[444.4644658816038],[8340.464465881603]],[["gem"],[444.4644658816038],[8340.464465881603]],[[198],[448],[8344]],[[197],[480],[8376]],[[196],[512],[8408]],[["point"],[504],[8416]],[["gem"],[503.0710682367939],[8416.928931763205]],[[195],[480],[8440]],[[194],[448],[8472]],[["point"],[432.9289317632061],[8488.928931763205]],[["gem"],[432.9289317632061],[8488.928931763205]],[[193],[448],[8504]],[[192],[480],[8536]],[[191],[512],[8568]],[["point"],[507.5355341183977],[8572.464465881601]],[["gem"],[507.5355341183977],