{"c2array":true,"size":[617,3,1],"data":[[[424],[1040],[1112]],[[423],[1008],[1144]],[[422],[976],[1176]],[[421],[944],[1208]],[[420],[912],[1240]],[[419],[880],[1272]],[[418],[848],[1304]],[[417],[816],[1336]],[[416],[784],[1368]],[[415],[752],[1400]],[[414],[720],[1432]],[[413],[688],[1464]],[[412],[656],[1496]],[[411],[624],[1528]],[[410],[592],[1560]],[["point"],[584],[1584]],[[409],[592],[1592]],[[408],[624],[1624]],[[407],[656],[1656]],[[406],[688],[1688]],[["point"],[707.5355341183946],[1716.4644658816053]],[["gem"],[704],[1720]],[[405],[704],[1720]],[[404],[672],[1752]],[[403],[640],[1784]],[["point"],[644.4644658816023],[1788.4644658816023]],[["gem"],[652.4644658816023],[1796.4644658816023]],[[402],[672],[1816]],[[401],[704],[1848]],[["point"],[707.5355341183977],[1860.4644658816023]],[["gem"],[707.5355341183977],[1860.4644658816023]],[[400],[688],[1880]],[[399],[656],[1912]],[[398],[624],[1944]],[[397],[592],[1976]],[["point"],[592.9289317632077],[1976.9289317632076]],[["gem"],[612.4644658816023],[1996.4644658816023]],[[396],[624],[2008]],[[395],[656],[2040]],[["gem"],[680],[2064]],[["point"],[679.0710682367923],[2064.928931763208]],[[394],[672],[2072]],[[393],[640],[2104]],[["point"],[620.4644658816054],[2132.4644658816055]],[[392],[624],[2136]],[["gem"],[624.9289317632077],[2136.928931763208]],[[391],[656],[2168]],[[390],[688],[2200]],[["point"],[683.5355341183977],[2204.4644658816023]],[["gem"],[680],[2208]],[[389],[656],[2232]],[[388],[624],[2264]],[["point"],[620.4644658816023],[2276.4644658816023]],[[387],[640],[2296]],[[386],[672],[2328]],[["gem"],[680.9289317632047],[2336.9289317632047]],[[385],[704],[2360]],[[384],[736],[2392]],[["point"],[743.0710682367953],[2400.9289317632047]],[[383],[720],[2424]],[[382],[688],[2456]],[["gem"],[672],[2472]],[[381],[656],[2488]],[[380],[624],[2520]],[["point"],[600.9289317632047],[2544.9289317632047]],[[379],[608],[2552]],[[378],[640],[2584]],[["gem"],[668.4644658816023],[2612.4644658816023]],[[377],[672],[2616]],[[376],[704],[2648]],[[375],[736],[2680]],[["gem"],[736.9289317632077],[2680.928931763208]],[[374],[768],[2712]],[[373],[800],[2744]],[["point"],[807.0710682367923],[2752.928931763208]],[[372],[784],[2776]],[[371],[752],[2808]],[["gem"],[744],[2816]],[[370],[720],[2840]],[[369],[688],[2872]],[["point"],[684.4644658816023],[2884.4644658816023]],[[368],[704],[2904]],[[367],[736],[2936]],[["gem"],[756.4644658816054],[2956.4644658816055]],[[366],[768],[2968]],[[365],[800],[3000]],[["point"],[819.5355341183946],[3028.4644658816055]],[[364],[816],[3032]],[[363],[784],[3064]],[[362],[752],[3096]],[["gem"],[751.0710682367923],[3096.928931763208]],[[361],[720],[3128]],[[360],[688],[3160]],[["point"],[684.4644658816054],[3172.4644658816055]],[[359],[704],[3192]],[[358],[736],[3224]],[["gem"],[748.4644658816054],[3236.4644658816055]],[[357],[768],[3256]],[[356],[800],[3288]],[["gem"],[807.0710682367953],[3296.9289317632047]],[["point"],[800],[3304]],[[355],[784],[3320]],[[354],[752],[3352]],[["point"],[752],[3368]],[[353],[768],[3384]],[[352],[800],[3416]],[[351],[832],[3448]],[[350],[864],[3480]],[["point"],[883.5414726397509],[3508.4585273602493]],[["gem"],[880],[3512]],[[349],[880],[3512]],[[348],[848],[3544]],[[347],[816],[3576]],[[346],[784],[3608]],[["point"],[768],[3640]],[["gem"],[768],[3640]],[[345],[768],[3640]],[[344],[800],[3672]],[[343],[832],[3704]],[["point"],[839.0710682367923],[3712.928931763208]],[["gem"],[835.5355341183946],[3716.4644658816055]],[[342],[816],[3736]],[[341],[784],[3768]],[["point"],[768.9289317632047],[3784.9289317632047]],[["gem"],[772.4644658816023],[3788.4644658816023]],[[340],[784],[3800]],[[339],[816],[3832]],[[338],[848],[3864]],[[337],[880],[3896]],[[336],[912],[3928]],[["point"],[907.5355341183977],[3932.4644658816023]],[[335],[880],[3960]],[[334],[848],[3992]],[[333],[816],[4024]],[[332],[784],[4056]],[["point"],[788.4644658816023],[4060.4644658816023]],[[331],[816],[4088]],[[330],[848],[4120]],[[329],[880],[4152]],[[328],[912],[4184]],[["point"],[923.5355341183977],[4204.464465881602]],[[327],[912],[4216]],[[326],[880],[4248]],[[325],[848],[4280]],[[324],[816],[4312]],[["point"],[812.4702837445768],[4324.470283744577]],[[323],[832],[4344]],[[322],[864],[4376]],[[321],[896],[4408]],[[320],[928],[4440]],[[319],[960],[4472]],[["point"],[963.5355341183977],[4484.464465881602]],[[318],[944],[4504]],[[317],[912],[4536]],[[316],[880],[4568]],[[315],[848],[4600]],[["point"],[848.9289317632062],[4600.9289317632065]],[[314],[880],[4632]],[[313],[912],[4664]],[["point"],[912],[4680]],[[312],[896],[4696]],[[311],[864],[4728]],[["point"],[864],[4744]],[[310],[880],[4760]],[[309],[912],[4792]],[["point"],[935.0710682367938],[4816.9289317632065]],[[308],[928],[4824]],[[307],[896],[4856]],[["gem"],[872],[4880]],[[306],[864],[4888]],[[305],[832],[4920]],[["point"],[808.9409513906021],[4944.940951390602]],[[304],[816],[4952]],[[303],[848],[4984]],[[302],[880],[5016]],[["gem"],[884.4644658816023],[5020.464465881602]],[[301],[912],[5048]],[[300],[944],[5080]],[["point"],[943.0710682367938],[5080.9289317632065]],[[299],[912],[5112]],[[298],[880],[5144]],[["gem"],[871.0710682367938],[5152.9289317632065]],[[297],[848],[5176]],[[296],[816],[5208]],[["point"],[812.4644658816023],[5220.464465881602]],[[295],[832],[5240]],[[294],[864],[5272]],[["gem"],[888],[5296]],[[293],[896],[5304]],[[292],[928],[5336]],[[291],[960],[5368]],[["point"],[959.0710682367923],[5368.928931763207]],[[290],[928],[5400]],[["gem"],[899.5355341183962],[5428.464465881604]],[[289],[896],[5432]],[[288],[864],[5464]],[["point"],[844.4644658816023],[5492.464465881602]],[[287],[848],[5496]],[[286],[880],[5528]],[["gem"],[912],[5560]],[[285],[912],[5560]],[[284],[944],[5592]],[[283],[976],[5624]],[["point"],[971.5355341183977],[5628.464465881602]],[[282],[944],[5656]],[[281],[912],[5688]],[["gem"],[903.0710682367938],[5696.9289317632065]],[[280],[880],[5720]],[[279],[848],[5752]],[["point"],[844.4643069796755],[5764.464306979676]],[[278],[864],[5784]],[[277],[896],[5816]],[["point"],[919.0710682367938],[5840.9289317632065]],[[276],[912],[5848]],[[275],[880],[5880]],[["gem"],[859.5355341183977],[5900.464465881602]],[[274],[848],[5912]],[[273],[816],[5944]],[["gem"],[792],[5968]],[[272],[784],[5976]],[[271],[752],[6008]],[[270],[720],[6040]],[["point"],[720.934118862648],[6040.934118862648]],[[269],[752],[6072]],[[268],[784],[6104]],[["gem"],[792.9289317632062],[6112.9289317632065]],[[267],[816],[6136]],[[266],[848],[6168]],[["point"],[863.0780511893548],[6184.9219488106455]],[[265],[848],[6200]],[[264],[816],[6232]],[["gem"],[799.0710682367938],[6248.9289317632065]],[[263],[784],[6264]],[[262],[752],[6296]],[[261],[720],[6328]],[[260],[688],[6360]],[[259],[656],[6392]],[["point"],[656.9289317632062],[6392.9289317632065]],[["gem"],[660.4644658816038],[6396.464465881604]],[[258],[688],[6424]],[[257],[720],[6456]],[[256],[752],[6488]],[[255],[784],[6520]],[["point"],[779.5355341183977],[6524.464465881602]],[["gem"],[776],[6528]],[[254],[752],[6552]],[[253],[720],[6584]],[[252],[688],[6616]],[[251],[656],[6648]],[["point"],[644.4644658816023],[6668.464465881602]],[["gem"],[648],[6672]],[[250],[656],[6680]],[[249],[688],[6712]],[[248],[720],[6744]],[[247],[752],[6776]],[["point"],[752],[6792]],[["gem"],[751.0710682367923],[6792.928931763207]],[[246],[736],[6808]],[[245],[704],[6840]],[[244],[672],[6872]],[[243],[640],[6904]],[["point"],[624],[6936]],[[242],[624],[6936]],[["gem"],[624.9289317632062],[6936.9289317632065]],[[241],[656],[6968]],[[240],[688],[7000]],[[239],[720],[7032]],[[238],[752],[7064]],[["point"],[747.5355341183977],[7068.464465881602]],[["gem"],[744],[7072]],[[237],[720],[7096]],[[236],[688],[7128]],[[235],[656],[7160]],[[234],[624],[7192]],[["point"],[604.4644658816038],[7220.464465881604]],[["gem"],[604.4644658816038],[7220.464465881604]],[[233],[608],[7224]],[[232],[640],[7256]],[[231],[672],[7288]],[[230],[704],[7320]],[["point"],[720],[7352]],[["gem"],[720],[7352]],[[229],[720],[7352]],[[228],