{"c2array":true,"size":[471,3,1],"data":[[[371],[752],[2808]],[[370],[784],[2840]],[[369],[816],[2872]],[[368],[848],[2904]],[[367],[880],[2936]],[[366],[912],[2968]],[[365],[944],[3000]],[[364],[976],[3032]],[[363],[1008],[3064]],[[362],[1040],[3096]],[["point"],[1055.0710682367953],[3112.9289317632047]],[[361],[1040],[3128]],[[360],[1008],[3160]],[[359],[976],[3192]],[[358],[944],[3224]],[[357],[912],[3256]],[[356],[880],[3288]],[[355],[848],[3320]],[[354],[816],[3352]],[[353],[784],[3384]],[[352],[752],[3416]],[[351],[720],[3448]],[[350],[688],[3480]],[[349],[656],[3512]],[["gem"],[639.0710682367923],[3528.928931763208]],[[348],[624],[3544]],[[347],[592],[3576]],[["point"],[592],[3592]],[[346],[608],[3608]],[[345],[640],[3640]],[["gem"],[656],[3656]],[[344],[672],[3672]],[[343],[704],[3704]],[["point"],[704],[3720]],[[342],[688],[3736]],[[341],[656],[3768]],[["gem"],[643.5355341183977],[3780.4644658816023]],[[340],[624],[3800]],[[339],[592],[3832]],[[338],[560],[3864]],[[337],[528],[3896]],[["point"],[532.4644658816023],[3900.4644658816023]],[[336],[560],[3928]],[[335],[592],[3960]],[[334],[624],[3992]],[["gem"],[640.9289317632047],[4008.9289317632047]],[[333],[656],[4024]],[[332],[688],[4056]],[[331],[720],[4088]],[[330],[752],[4120]],[["point"],[755.5355341183946],[4132.464465881605]],[[329],[736],[4152]],[[328],[704],[4184]],[["gem"],[703.0710682367923],[4184.928931763207]],[[327],[672],[4216]],[[326],[640],[4248]],[[325],[608],[4280]],[[324],[576],[4312]],[["point"],[572.4644658816054],[4324.464465881605]],[[323],[592],[4344]],[[322],[624],[4376]],[["gem"],[628.4644658816023],[4380.464465881602]],[[321],[656],[4408]],[[320],[688],[4440]],[[319],[720],[4472]],[[318],[752],[4504]],[[317],[784],[4536]],[["point"],[799.0710682367908],[4552.928931763209]],[[316],[784],[4568]],[[315],[752],[4600]],[["gem"],[744],[4608]],[[314],[720],[4632]],[[313],[688],[4664]],[[312],[656],[4696]],[["point"],[636.4644658816023],[4724.464465881602]],[[311],[640],[4728]],[[310],[672],[4760]],[[309],[704],[4792]],[[308],[736],[4824]],[["point"],[755.5355341183977],[4852.464465881602]],[[307],[752],[4856]],[[306],[720],[4888]],[[305],[688],[4920]],[[304],[656],[4952]],[["point"],[640.9289317632062],[4968.9289317632065]],[[303],[656],[4984]],[[302],[688],[5016]],[[301],[720],[5048]],[[300],[752],[5080]],[["point"],[747.5355341183977],[5084.464465881602]],[[299],[720],[5112]],[[298],[688],[5144]],[["gem"],[687.0710682367923],[5144.928931763207]],[[297],[656],[5176]],[["point"],[636.4644658816038],[5204.464465881604]],[[296],[640],[5208]],[[295],[672],[5240]],[["gem"],[696.9289317632062],[5264.9289317632065]],[[294],[704],[5272]],[[293],[736],[5304]],[["point"],[755.5355341183962],[5332.464465881604]],[[292],[752],[5336]],[[291],[720],[5368]],[["gem"],[703.0710682367938],[5384.9289317632065]],[[290],[688],[5400]],[[289],[656],[5432]],[["point"],[656],[5448]],[[288],[672],[5464]],[[287],[704],[5496]],[[286],[736],[5528]],[[285],[768],[5560]],[["gem"],[772.4644658816023],[5564.464465881602]],[[284],[800],[5592]],[[283],[832],[5624]],[["point"],[832],[5640]],[[282],[816],[5656]],[[281],[784],[5688]],[[280],[752],[5720]],[["gem"],[723.5355341183962],[5748.464465881604]],[[279],[720],[5752]],[[278],[688],[5784]],[["point"],[680],[5808]],[[277],[688],[5816]],[[276],[720],[5848]],[["gem"],[740.4644658816038],[5868.464465881604]],[[275],[752],[5880]],[[274],[784],[5912]],[["point"],[787.5355341183977],[5924.464465881602]],[[273],[768],[5944]],[[272],[736],[5976]],[[271],[704],[6008]],[[270],[672],[6040]],[[269],[640],[6072]],[[268],[608],[6104]],[["point"],[604.4644658816023],[6116.464465881602]],[[267],[624],[6136]],[[266],[656],[6168]],[["gem"],[656.9289317632062],[6168.9289317632065]],[[265],[688],[6200]],[[264],[720],[6232]],[[263],[752],[6264]],[[262],[784],[6296]],[[261],[816],[6328]],[["point"],[832],[6360]],[[260],[832],[6360]],[[259],[800],[6392]],[["gem"],[775.0710682367938],[6416.9289317632065]],[[258],[768],[6424]],[[257],[736],[6456]],[[256],[704],[6488]],[[255],[672],[6520]],[[254],[640],[6552]],[[253],[608],[6584]],[["point"],[600.9289317632062],[6592.9289317632065]],[[252],[624],[6616]],[[251],[656],[6648]],[["gem"],[660.4644658816023],[6652.464465881602]],[[250],[688],[6680]],[[249],[720],[6712]],[[248],[752],[6744]],[[247],[784],[6776]],[["point"],[776],[6784]],[[246],[752],[6808]],[[245],[720],[6840]],[[244],[688],[6872]],[["gem"],[671.0710682367938],[6888.9289317632065]],[[243],[656],[6904]],[[242],[624],[6936]],[[241],[592],[6968]],[[240],[560],[7000]],[["gem"],[547.5355341183977],[7012.464465881602]],[[239],[528],[7032]],[[238],[496],[7064]],[[237],[464],[7096]],[[236],[432],[7128]],[["point"],[416.9289317632061],[7144.9289317632065]],[[235],[432],[7160]],[[234],[464],[7192]],[[233],[496],[7224]],[["gem"],[524.4644658816023],[7252.464465881602]],[[232],[528],[7256]],[[231],[560],[7288]],[[230],[592],[7320]],[[229],[624],[7352]],[["gem"],[640],[7368]],[[228],[656],[7384]],[[227],[688],[7416]],[[226],[720],[7448]],[[225],[752],[7480]],[["point"],[759.0727487218842],[7488.927251278116]],[[224],[736],[7512]],[[223],[704],[7544]],[[222],[672],[7576]],[["gem"],[640],[7608]],[[221],[640],[7608]],[[220],[608],[7640]],[[219],[576],[7672]],[[218],[544],[7704]],[[217],[512],[7736]],[["point"],[520],[7744]],[[216],[544],[7768]],[[215],[576],[7800]],[[214],[608],[7832]],[["gem"],[632],[7856]],[[213],[640],[7864]],[[212],[672],[7896]],[[211],[704],[7928]],[[210],[736],[7960]],[["gem"],[760.9289317632062],[7984.9289317632065]],[[209],[768],[7992]],[[208],[800],[8024]],[[207],[832],[8056]],[[206],[864],[8088]],[[205],[896],[8120]],[[204],[928],[8152]],[["point"],[931.5355341183977],[8164.464465881602]],[[203],[912],[8184]],[[202],[880],[8216]],[[201],[848],[8248]],[["gem"],[819.5355341183977],[8276.464465881601]],[[200],[816],[8280]],[[199],[784],[8312]],[[198],[752],[8344]],[[197],[720],[8376]],[["gem"],[703.0710682367938],[8392.928931763205]],[[196],[688],[8408]],[[195],[656],[8440]],[[194],[624],[8472]],[[193],[592],[8504]],[[192],[560],[8536]],[[191],[528],[8568]],[["point"],[532.4644658816038],[8572.464465881603]],[[190],[560],[8600]],[[189],[592],[8632]],[[188],[624],[8664]],[[187],[656],[8696]],[[186],[688],[8728]],[[185],[720],[8760]],[[184],[752],[8792]],[["point"],[760],[8816]],[[183],[752],[8824]],[[182],[720],[8856]],[[181],[688],[8888]],[[180],[656],[8920]],[["gem"],[648],[8928]],[[179],[624],[8952]],[[178],[592],[8984]],[[177],[560],[9016]],[[176],[528],[9048]],[["point"],[536],[9056]],[[175],[560],[9080]],[[174],[592],[9112]],[[173],[624],[9144]],[["gem"],[656],[9176]],[[172],[656],[9176]],[[171],[688],[9208]],[[170],[720],[9240]],[[169],[752],[9272]],[[168],[784],[9304]],[["point"],[784],[9320]],[[167],[768],[9336]],[[166],[736],[9368]],[[165],[704],[9400]],[[164],[672],[9432]],[[163],[640],[9464]],[[162],[608],[9496]],[[161],[576],[9528]],[["point"],[576],[9544]],[[160],[592],[9560]],[[159],[624],[9592]],[[158],[656],[9624]],[[157],[688],[9656]],[[156],[720],[9688]],[[155],[752],[9720]],[[154],[784],[9752]],[["point"],[784],[9768]],[[153],[768],[9784]],[[152],[736],[9816]],[[151],[704],[9848]],[[150],[672],[9880]],[["point"],[672],[9896]],[[149],[688],[9912]],[[148],[720],[9944]],[["gem"],[736.9289317632068],[9960.928931763206]],[[147],[752],[9976]],[[146],[784],[10008]],[[145],[816],[10040]],[[144],[848],[10072]],[[143],[880],[10104]],[[142],[912],[10136]],[[141],[944],[10168]],[[140],[976],[10200]],[[139],[1008],[10232]],[["point"],[1024],[10264]],[[138],[1024],[10264]],[[137],[992],[10296]],[["gem"],[963.535534118397],[10324.464465881603]],[[136],[960],[10328]],[[135],[928],[10360]],[[134],[896],[10392]],[[133],[864],[10424]],[[132],[832],[10456]],[["point"],[812.464465881603],[10484.464465881603]],[[131],[816],[10488]],[[130],[848],[10520]],[[129],[880],[10552]],[[128],[912],[10584]],[["point"],[928],[10616]],[[127],[928],[10616]],[[126],[896],[10648]],[[125],[864],[10680]],[[124],[832],[10712]],[["point"],[808.928931763206],[10736.928931763206]],