{"c2array":true,"size":[595,3,1],"data":[[[376],[368],[2648]],[[375],[400],[2680]],[[374],[432],[2712]],[[373],[464],[2744]],[[372],[496],[2776]],[[371],[528],[2808]],[[370],[560],[2840]],[[369],[592],[2872]],[[368],[624],[2904]],[[367],[656],[2936]],[["gem"],[688],[2968]],[[366],[688],[2968]],[[365],[720],[3000]],[[364],[752],[3032]],[["point"],[752],[3048]],[[363],[736],[3064]],[[362],[704],[3096]],[[361],[672],[3128]],[["gem"],[667.5447353240281],[3132.4552646759716]],[[360],[640],[3160]],[[359],[608],[3192]],[["point"],[608],[3208]],[[358],[624],[3224]],[[357],[656],[3256]],[[356],[688],[3288]],[["point"],[695.0686190564518],[3296.931380943548]],[[355],[672],[3320]],[[354],[640],[3352]],[[353],[608],[3384]],[["point"],[612.4623489739299],[3388.4623489739297]],[[352],[640],[3416]],[["point"],[659.5324986007762],[3444.4675013992237]],[[351],[656],[3448]],[["point"],[636.4639609393358],[3476.4639609393357]],[[350],[640],[3480]],[[349],[672],[3512]],[[348],[704],[3544]],[["point"],[712],[3568]],[["gem"],[711.0722800472469],[3568.9277199527533]],[[347],[704],[3576]],[[346],[672],[3608]],[[345],[640],[3640]],[["point"],[624.9295324418163],[3656.929532441816]],[[344],[640],[3672]],[[343],[672],[3704]],[[342],[704],[3736]],[["point"],[696],[3744]],[["gem"],[696],[3744]],[[341],[672],[3768]],[[340],[640],[3800]],[["point"],[624],[3832]],[[339],[624],[3832]],[[338],[656],[3864]],[[337],[688],[3896]],[["point"],[707.5405266856724],[3924.4594733143276]],[[336],[704],[3928]],[[335],[672],[3960]],[[334],[640],[3992]],[["point"],[636.465434845548],[4004.465434845548]],[["gem"],[636.465434845548],[4004.465434845548]],[[333],[656],[4024]],[[332],[688],[4056]],[[331],[720],[4088]],[["point"],[715.5367648594035],[4092.4632351405967]],[["gem"],[712],[4096]],[[330],[688],[4120]],[[329],[656],[4152]],[["point"],[636.4644658816054],[4180.464465881605]],[["gem"],[636.4644658816054],[4180.464465881605]],[[328],[640],[4184]],[[327],[672],[4216]],[[326],[704],[4248]],[["gem"],[712],[4272]],[["point"],[712],[4272]],[[325],[704],[4280]],[[324],[672],[4312]],[[323],[640],[4344]],[["point"],[644.4627112677695],[4348.46271126777]],[[322],[672],[4376]],[[321],[704],[4408]],[["point"],[723.5377339508269],[4436.462266049173]],[[320],[720],[4440]],[[319],[688],[4472]],[[318],[656],[4504]],[["point"],[652.4668302250104],[4516.46683022501]],[[317],[672],[4536]],[[316],[704],[4568]],[[315],[736],[4600]],[["point"],[736],[4616]],[[314],[720],[4632]],[[313],[688],[4664]],[[312],[656],[4696]],[["point"],[656.9277752146755],[4696.927775214675]],[["gem"],[656.9277752146755],[4696.927775214675]],[[311],[688],[4728]],[[310],[720],[4760]],[[309],[752],[4792]],[["point"],[751.0597992664459],[4792.940200733554]],[["gem"],[751.0597992664459],[4792.940200733554]],[[308],[720],[4824]],[[307],[688],[4856]],[["point"],[672],[4888]],[["gem"],[672],[4888]],[[306],[672],[4888]],[[305],[704],[4920]],[[304],[736],[4952]],[["gem"],[756.4649668082994],[4972.464966808299]],[[303],[768],[4984]],[[302],[800],[5016]],[[301],[832],[5048]],[["point"],[843.5314687658591],[5068.468531234141]],[[300],[832],[5080]],[[299],[800],[5112]],[["gem"],[768],[5144]],[[298],[768],[5144]],[[297],[736],[5176]],[[296],[704],[5208]],[["gem"],[679.0651742054281],[5232.934825794571]],[[295],[672],[5240]],[[294],[640],[5272]],[[293],[608],[5304]],[["point"],[600],[5328]],[[292],[608],[5336]],[[291],[640],[5368]],[[290],[672],[5400]],[["gem"],[680],[5408]],[[289],[704],[5432]],[[288],[736],[5464]],[["point"],[752],[5496]],[[287],[752],[5496]],[[286],[720],[5528]],[[285],[688],[5560]],[["point"],[680],[5584]],[["gem"],[684.4645258602293],[5588.4645258602295]],[[284],[688],[5592]],[[283],[720],[5624]],[[282],[752],[5656]],[["gem"],[764.4644658816038],[5668.464465881604]],[[281],[784],[5688]],[[280],[816],[5720]],[["point"],[835.5349911875417],[5748.465008812458]],[[279],[832],[5752]],[[278],[800],[5784]],[[277],[768],[5816]],[["point"],[756.4644658816038],[5836.464465881604]],[["gem"],[760],[5840]],[[276],[768],[5848]],[[275],[800],[5880]],[[274],[832],[5912]],[["point"],[824],[5920]],[[273],[800],[5944]],[[272],[768],[5976]],[[271],[736],[6008]],[["point"],[736.9372279353498],[6008.93722793535]],[[270],[768],[6040]],[[269],[800],[6072]],[["point"],[808],[6096]],[["gem"],[807.0700322829077],[6096.929967717092]],[[268],[800],[6104]],[[267],[768],[6136]],[[266],[736],[6168]],[["point"],[724.4541711018124],[6188.454171101813]],[["gem"],[728],[6192]],[[265],[736],[6200]],[[264],[768],[6232]],[[263],[800],[6264]],[["point"],[807.0717811602046],[6272.928218839796]],[["gem"],[807.0717811602046],[6272.928218839796]],[[262],[784],[6296]],[[261],[752],[6328]],[["point"],[752],[6344]],[["gem"],[752],[6344]],[[260],[768],[6360]],[[259],[800],[6392]],[["point"],[819.5311807282291],[6420.468819271771]],[["gem"],[816],[6424]],[[258],[816],[6424]],[[257],[784],[6456]],[[256],[752],[6488]],[["point"],[736],[6520]],[[255],[736],[6520]],[["gem"],[736.929911881517],[6520.929911881517]],[["point"],[755.5362371622269],[6548.463762837773]],[["gem"],[752],[6552]],[[254],[752],[6552]],[[253],[720],[6584]],[[252],[688],[6616]],[[251],[656],[6648]],[["point"],[648],[6672]],[["gem"],[648.9289317632062],[6672.9289317632065]],[[250],[656],[6680]],[["point"],[675.5398741233236],[6708.460125876676]],[["gem"],[672],[6712]],[[249],[672],[6712]],[[248],[640],[6744]],[[247],[608],[6776]],[[246],[576],[6808]],[["point"],[576.9299985668861],[6808.929998566886]],[["gem"],[580.4741442391916],[6812.474144239191]],[[245],[608],[6840]],[[244],[640],[6872]],[[243],[672],[6904]],[["gem"],[695.0764798895821],[6928.9235201104175]],[["point"],[691.5427344217702],[6932.457265578229]],[[242],[688],[6936]],[[241],[656],[6968]],[["point"],[648.9335330990215],[6976.933533099022]],[["gem"],[652.4673174477718],[6980.467317447772]],[[240],[672],[7000]],[["point"],[683.5303911902489],[7020.469608809751]],[["gem"],[680],[7024]],[[239],[672],[7032]],[["point"],[648.919794296818],[7056.919794296818]],[["gem"],[648.919794296818],[7056.919794296818]],[[238],[656],[7064]],[[237],[688],[7096]],[[236],[720],[7128]],[["point"],[731.5264192157001],[7148.4735807843]],[[235],[720],[7160]],[[234],[688],[7192]],[[233],[656],[7224]],[["point"],[660.4660944192134],[7228.466094419214]],[["gem"],[660.4660944192134],[7228.466094419214]],[[232],[688],[7256]],[[231],[720],[7288]],[["point"],[736],[7320]],[["gem"],[736],[7320]],[[230],[736],[7320]],[[229],[704],[7352]],[[228],[672],[7384]],[["point"],[656.9296873919095],[7400.92968739191]],[["gem"],[660.4644658816038],[7404.464465881604]],[[227],[672],[7416]],[[226],[704],[7448]],[[225],[736],[7480]],[["point"],[739.531595288253],[7492.468404711747]],[["gem"],[739.531595288253],[7492.468404711747]],[[224],[720],[7512]],[[223],[688],[7544]],[[222],[656],[7576]],[["point"],[656.9289317632076],[7576.928931763208]],[["gem"],[660.4644658816038],[7580.464465881604]],[[221],[688],[7608]],[[220],[720],[7640]],[["point"],[736],[7672]],[["gem"],[736],[7672]],[[219],[736],[7672]],[[218],[704],[7704]],[["point"],[700.468677579438],[7716.468677579438]],[["gem"],[704],[7720]],[[217],[720],[7736]],[["point"],[739.5355341183977],[7764.464465881602]],[["gem"],[739.5355341183977],[7764.464465881602]],[[216],[736],[7768]],[[215],[704],[7800]],[[214],[672],[7832]],[["point"],[664.9366433827713],[7840.936643382772]],[["gem"],[668.4724452059817],[7844.472445205982]],[[213],[688],[7864]],[[212],[720],[7896]],[[211],[752],[7928]],[["point"],[751.0705273455942],[7928.929472654405]],[["gem"],[751.0705273455942],[7928.929472654405]],[[210],[720],[7960]],[[209],[688],[7992]],[["point"],[680],[8016]],[["gem"],[680.9344453350413],[8016.934445335041]],[[208],[688],[8024]],[[207],[720],[8056]],[[206],[752],[8088]],[["point"],[763.5323857823225],[8108.467614217678]],[[205],[752],[8120]],[[204],[720],[8152]],[[203],[688],[8184]],[["point"],[696],[8192]],[["gem"],[696.939668957068],[8192.939668957068]],[[202],[720],[8216]],[[201],[752],[8248]],[[200],[784],[8280]],[["point"],[776],[8288]],