{"c2array":true,"size":[657,3,1],"data":[[[420],[1072],[1240]],[[419],[1040],[1272]],[[418],[1008],[1304]],[[417],[976],[1336]],[[416],[944],[1368]],[[415],[912],[1400]],[[414],[880],[1432]],[[413],[848],[1464]],[[412],[816],[1496]],[[411],[784],[1528]],[[410],[752],[1560]],[[409],[720],[1592]],[[408],[688],[1624]],[["point"],[676.4644658816054],[1644.4644658816053]],[[407],[688],[1656]],[[406],[720],[1688]],[["point"],[712],[1696]],[["gem"],[712],[1696]],[[405],[688],[1720]],[["point"],[692.4644658816023],[1724.4644658816023]],[["gem"],[692.4644658816023],[1724.4644658816023]],[[404],[720],[1752]],[[403],[752],[1784]],[[402],[784],[1816]],[["point"],[779.5384410739674],[1820.4615589260325]],[["point"],[768],[1848]],[[401],[768],[1848]],[[400],[800],[1880]],[[399],[832],[1912]],[["point"],[827.5301841014566],[1916.4698158985434]],[[398],[800],[1944]],[[397],[768],[1976]],[["gem"],[759.0632619644553],[1984.9367380355447]],[[396],[736],[2008]],[[395],[704],[2040]],[["point"],[680.9295115353442],[2064.9295115353443]],[[394],[688],[2072]],[[393],[720],[2104]],[["gem"],[752],[2136]],[[392],[752],[2136]],[[391],[784],[2168]],[["point"],[803.5341846311858],[2196.465815368814]],[[390],[800],[2200]],[[389],[768],[2232]],[[388],[736],[2264]],[["gem"],[735.061435580243],[2264.938564419757]],[[387],[704],[2296]],[[386],[672],[2328]],[["point"],[668.4558949933247],[2340.455894993325]],[[385],[688],[2360]],[[384],[720],[2392]],[["point"],[727.07118449717],[2400.9288155028303]],[[383],[704],[2424]],[["point"],[696.9203367177631],[2432.9203367177633]],[[382],[720],[2456]],[[381],[752],[2488]],[["point"],[771.5391780908109],[2516.4608219091892]],[[380],[768],[2520]],[["point"],[760],[2544]],[[379],[768],[2552]],[[378],[800],[2584]],[["point"],[811.5355341183946],[2604.4644658816055]],[[377],[800],[2616]],[[376],[768],[2648]],[[375],[736],[2680]],[["point"],[736.9293153459616],[2680.9293153459616]],[[374],[768],[2712]],[["point"],[791.066797580164],[2736.933202419836]],[["gem"],[784],[2744]],[[373],[784],[2744]],[[372],[752],[2776]],[[371],[720],[2808]],[[370],[688],[2840]],[["point"],[692.4644658816023],[2844.4644658816023]],[[369],[720],[2872]],[[368],[752],[2904]],[["point"],[763.5355341183977],[2924.4644658816023]],[[367],[752],[2936]],[["point"],[736.9285903120918],[2952.9285903120917]],[[366],[752],[2968]],[[365],[784],[3000]],[[364],[816],[3032]],[["point"],[824],[3056]],[[363],[816],[3064]],[["point"],[804.4644658816023],[3084.4644658816023]],[[362],[816],[3096]],[[361],[848],[3128]],[[360],[880],[3160]],[["point"],[879.0798421982882],[3160.920157801712]],[[359],[848],[3192]],[[358],[816],[3224]],[["point"],[816.920664528676],[3224.920664528676]],[["gem"],[816.920664528676],[3224.920664528676]],[[357],[848],[3256]],[[356],[880],[3288]],[[355],[912],[3320]],[[354],[944],[3352]],[["point"],[963.5353738142032],[3380.4646261857965]],[[353],[960],[3384]],[[352],[928],[3416]],[[351],[896],[3448]],[["point"],[884.463447201052],[3468.463447201052]],[[350],[896],[3480]],[["point"],[907.536414293576],[3500.463585706424]],[[349],[896],[3512]],[[348],[864],[3544]],[[347],[832],[3576]],[["point"],[820.4644658816023],[3596.4644658816023]],[[346],[832],[3608]],[["point"],[832],[3624]],[[345],[816],[3640]],[[344],[784],[3672]],[["point"],[776],[3696]],[[343],[784],[3704]],[[342],[816],[3736]],[["point"],[839.0712722023673],[3760.9287277976327]],[[341],[832],[3768]],[[340],[800],[3800]],[[339],[768],[3832]],[["point"],[772.4644658816023],[3836.4644658816023]],[["gem"],[776],[3840]],[[338],[800],[3864]],[[337],[832],[3896]],[["point"],[832],[3912]],[["gem"],[831.0710682367953],[3912.9289317632047]],[[336],[816],[3928]],[[335],[784],[3960]],[["point"],[768.9276630973542],[3976.9276630973545]],[["gem"],[776],[3984]],[[334],[784],[3992]],[[333],[816],[4024]],[["point"],[839.0710682367953],[4048.9289317632047]],[[332],[832],[4056]],[[331],[800],[4088]],[["gem"],[771.5294349104137],[4116.470565089587]],[[330],[768],[4120]],[[329],[736],[4152]],[["point"],[712.9292735330147],[4176.929273533015]],[[328],[720],[4184]],[[327],[752],[4216]],[["gem"],[772.4616226652734],[4236.461622665273]],[[326],[784],[4248]],[[325],[816],[4280]],[[324],[848],[4312]],[["point"],[847.0710682367923],[4312.928931763207]],[[323],[816],[4344]],[[322],[784],[4376]],[["gem"],[776],[4384]],[[321],[752],[4408]],[[320],[720],[4440]],[["point"],[712],[4464]],[[319],[720],[4472]],[[318],[752],[4504]],[["gem"],[784],[4536]],[[317],[784],[4536]],[[316],[816],[4568]],[["gem"],[840],[4592]],[["point"],[839.0698112352181],[4592.930188764782]],[[315],[832],[4600]],[[314],[800],[4632]],[["point"],[776.9296898140007],[4656.929689814001]],[[313],[784],[4664]],[[312],[816],[4696]],[["point"],[832],[4728]],[[311],[832],[4728]],[[310],[800],[4760]],[[309],[768],[4792]],[["point"],[776],[4800]],[[308],[800],[4824]],[[307],[832],[4856]],[["point"],[831.060340986254],[4856.939659013746]],[[306],[800],[4888]],[[305],[768],[4920]],[["gem"],[760],[4928]],[["point"],[764.4650972825252],[4932.465097282526]],[[304],[784],[4952]],[[303],[816],[4984]],[["point"],[827.5355341183977],[5004.464465881602]],[[302],[816],[5016]],[[301],[784],[5048]],[["point"],[768.9240100102246],[5064.924010010224]],[[300],[784],[5080]],[[299],[816],[5112]],[["point"],[824],[5136]],[[298],[816],[5144]],[[297],[784],[5176]],[["point"],[760.92911118917],[5200.92911118917]],[[296],[768],[5208]],[[295],[800],[5240]],[[294],[832],[5272]],[["point"],[827.5355341183977],[5276.464465881602]],[[293],[800],[5304]],[[292],[768],[5336]],[["point"],[756.4615729486671],[5356.461572948667]],[[291],[768],[5368]],[[290],[800],[5400]],[["point"],[811.5343676902842],[5420.465632309716]],[["gem"],[808],[5424]],[[289],[800],[5432]],[[288],[768],[5464]],[["point"],[756.4644658816038],[5484.464465881604]],[[287],[768],[5496]],[[286],[800],[5528]],[["point"],[823.0719664501792],[5552.928033549821]],[[285],[816],[5560]],[[284],[784],[5592]],[[283],[752],[5624]],[["point"],[752.9288881018257],[5624.928888101826]],[[282],[784],[5656]],[["point"],[800],[5688]],[[281],[800],[5688]],[[280],[768],[5720]],[["point"],[752],[5752]],[[279],[752],[5752]],[[278],[784],[5784]],[[277],[816],[5816]],[["point"],[823.0724852876025],[5824.927514712397]],[[276],[800],[5848]],[[275],[768],[5880]],[["point"],[764.4633961459201],[5892.46339614592]],[[274],[784],[5912]],[[273],[816],[5944]],[["point"],[816],[5960]],[[272],[800],[5976]],[[271],[768],[6008]],[["point"],[756.4640388286891],[6028.464038828689]],[["gem"],[756.4640388286891],[6028.464038828689]],[[270],[768],[6040]],[[269],[800],[6072]],[["point"],[808],[6096]],[["gem"],[808],[6096]],[[268],[800],[6104]],[[267],[768],[6136]],[[266],[736],[6168]],[["point"],[736.9290981863636],[6168.929098186363]],[["gem"],[736.9290981863636],[6168.929098186363]],[[265],[768],[6200]],[["point"],[784],[6232]],[[264],[784],[6232]],[["gem"],[783.0730071845088],[6232.926992815492]],[[263],[752],[6264]],[[262],[720],[6296]],[["point"],[704],[6328]],[[261],[704],[6328]],[[260],[736],[6360]],[[259],[768],[6392]],[[258],[800],[6424]],[["gem"],[799.0705353129986],[6424.929464687001]],[["point"],[799.0705353129986],[6424.929464687001]],[["point"],[784],[6456]],[["gem"],[784],[6456]],[[257],[784],[6456]],[[256],[816],[6488]],[["gem"],[839.0702245204599],[6512.92977547954]],[["point"],[839.0702245204599],[6512.92977547954]],[[255],[832],[6520]],[[254],[800],[6552]],[[253],[768],[6584]],[["point"],[772.4644899750365],[6588.4644899750365]],[[252],[800],[6616]],[[251],[832],[6648]],[["gem"],[840],[6656]],[[250],[864],[6680]],[[249],[896],[6712]],[["point"],[888],[6720]],[[248],[864],[6744]],[[247],[832],[6776]],[["point"],[840],[6784]],[[246],[864],[6808]],[[245],[896],[6840]],[["gem"],[903.0757937366509],[6848.924206263349]],[["point"],[899.5392450170141],[6852.460754982986]],[[244],[880],[6872]],[[243],[848],[6904]],[["gem"],[832.9289317632062],[6920.9289317632065]],[["point"],[836.4644658816023],[6924.464465881602]],[[242],[848],[6936]],[[241],[880],[6968]],[["point"],