{"c2array":true,"size":[551,3,1],"data":[[[371],[768],[2808]],[[370],[800],[2840]],[[369],[832],[2872]],[[368],[864],[2904]],[[367],[896],[2936]],[[366],[928],[2968]],[[365],[960],[3000]],[[364],[992],[3032]],[["gem"],[1004.4644658816023],[3044.4644658816023]],[[363],[1024],[3064]],[[362],[1056],[3096]],[[361],[1088],[3128]],[["point"],[1080],[3136]],[[360],[1056],[3160]],[[359],[1024],[3192]],[["gem"],[1007.0710682367953],[3208.9289317632047]],[[358],[992],[3224]],[[357],[960],[3256]],[[356],[928],[3288]],[[355],[896],[3320]],[["point"],[872.9289317632077],[3344.928931763208]],[[354],[880],[3352]],[[353],[912],[3384]],[[352],[944],[3416]],[["point"],[963.5355341183977],[3444.4644658816023]],[[351],[960],[3448]],[[350],[928],[3480]],[["point"],[912.9289317632047],[3496.9289317632047]],[[349],[928],[3512]],[[348],[960],[3544]],[["point"],[983.0626443312129],[3568.937355668787]],[[347],[976],[3576]],[["gem"],[967.0694954072758],[3584.9305045927244]],[[346],[944],[3608]],[[345],[912],[3640]],[["point"],[900.4644658816023],[3660.4644658816023]],[[344],[912],[3672]],[[343],[944],[3704]],[[342],[976],[3736]],[["gem"],[980.4644658816023],[3740.4644658816023]],[[341],[1008],[3768]],[[340],[1040],[3800]],[["point"],[1047.0710682367953],[3808.9289317632047]],[["gem"],[1043.5355341183977],[3812.4644658816023]],[[339],[1024],[3832]],[[338],[992],[3864]],[[337],[960],[3896]],[[336],[928],[3928]],[[335],[896],[3960]],[["gem"],[895.0710682367953],[3960.9289317632047]],[["point"],[884.4644658816054],[3980.4644658816055]],[[334],[896],[3992]],[[333],[928],[4024]],[[332],[960],[4056]],[["point"],[975.0710682367953],[4072.9289317632047]],[[331],[960],[4088]],[["point"],[960],[4104]],[[330],[976],[4120]],[[329],[1008],[4152]],[["point"],[1027.5355341183977],[4180.464465881602]],[[328],[1024],[4184]],[["point"],[1004.4644658816023],[4212.464465881602]],[[327],[1008],[4216]],[[326],[1040],[4248]],[["point"],[1040],[4264]],[[325],[1024],[4280]],[[324],[992],[4312]],[["point"],[980.4574488922868],[4332.457448892287]],[[323],[992],[4344]],[[322],[1024],[4376]],[["point"],[1040],[4408]],[[321],[1040],[4408]],[[320],[1008],[4440]],[[319],[976],[4472]],[["gem"],[963.5381941481489],[4484.461805851851]],[[318],[944],[4504]],[[317],[912],[4536]],[["point"],[896],[4568]],[[316],[896],[4568]],[[315],[928],[4600]],[[314],[960],[4632]],[[313],[992],[4664]],[["point"],[984],[4672]],[[312],[960],[4696]],[["point"],[968],[4704]],[[311],[992],[4728]],[[310],[1024],[4760]],[["point"],[1016],[4768]],[[309],[992],[4792]],[[308],[960],[4824]],[["gem"],[931.5282289639745],[4852.4717710360255]],[[307],[928],[4856]],[[306],[896],[4888]],[["point"],[888],[4912]],[[305],[896],[4920]],[[304],[928],[4952]],[["gem"],[952],[4976]],[[303],[960],[4984]],[[302],[992],[5016]],[[301],[1024],[5048]],[["point"],[1023.0710682367938],[5048.9289317632065]],[[300],[992],[5080]],[[299],[960],[5112]],[["point"],[956.4644658816038],[5124.464465881604]],[[298],[976],[5144]],[[297],[1008],[5176]],[["point"],[1024],[5208]],[["gem"],[1024],[5208]],[[296],[1024],[5208]],[[295],[992],[5240]],[[294],[960],[5272]],[["point"],[960],[5288]],[[293],[976],[5304]],[[292],[1008],[5336]],[["point"],[1031.0710682367924],[5360.928931763207]],[["gem"],[1031.0710682367924],[5360.928931763207]],[[291],[1024],[5368]],[[290],[992],[5400]],[[289],[960],[5432]],[["point"],[968],[5440]],[[288],[992],[5464]],[[287],[1024],[5496]],[["point"],[1016],[5504]],[[286],[992],[5528]],[[285],[960],[5560]],[["point"],[948.4644658816038],[5580.464465881604]],[[284],[960],[5592]],[[283],[992],[5624]],[[282],[1024],[5656]],[["point"],[1019.5355341183977],[5660.464465881602]],[[281],[992],[5688]],[[280],[960],[5720]],[["point"],[948.4644658816023],[5740.464465881602]],[[279],[960],[5752]],[[278],[992],[5784]],[["point"],[1015.0710682367938],[5808.9289317632065]],[["gem"],[1011.5355341183977],[5812.464465881602]],[[277],[1008],[5816]],[[276],[976],[5848]],[[275],[944],[5880]],[["gem"],[935.0710682367938],[5888.9289317632065]],[[274],[912],[5912]],[[273],[880],[5944]],[["point"],[872],[5968]],[["gem"],[872],[5968]],[[272],[880],[5976]],[[271],[912],[6008]],[[270],[944],[6040]],[["point"],[967.0710682367938],[6064.9289317632065]],[["gem"],[963.5355341183977],[6068.464465881602]],[[269],[960],[6072]],[[268],[928],[6104]],[["point"],[928.9289317632077],[6104.928931763207]],[["gem"],[928.9289317632077],[6104.928931763207]],[[267],[960],[6136]],[[266],[992],[6168]],[["point"],[995.5355341183977],[6180.464465881602]],[["gem"],[995.5355341183977],[6180.464465881602]],[[265],[976],[6200]],[[264],[944],[6232]],[["gem"],[920.9415916512767],[6256.941591651277]],[["point"],[924.4771257696729],[6260.477125769673]],[[263],[928],[6264]],[[262],[960],[6296]],[[261],[992],[6328]],[["point"],[992],[6344]],[[260],[976],[6360]],[[259],[944],[6392]],[["point"],[920.9289317632062],[6416.9289317632065]],[["gem"],[924.4644658816023],[6420.464465881602]],[[258],[928],[6424]],[[257],[960],[6456]],[[256],[992],[6488]],[["point"],[999.0746062108487],[6496.925393789152]],[[255],[976],[6520]],[[254],[944],[6552]],[["point"],[944],[6568]],[["gem"],[944.9289317632062],[6568.9289317632065]],[[253],[960],[6584]],[[252],[992],[6616]],[[251],[1024],[6648]],[["point"],[1035.5355341183977],[6668.464465881602]],[[250],[1024],[6680]],[[249],[992],[6712]],[[248],[960],[6744]],[["point"],[964.4644658816023],[6748.464465881602]],[[247],[992],[6776]],[["point"],[987.5355341183977],[6780.464465881602]],[[246],[960],[6808]],[[245],[928],[6840]],[["point"],[920],[6864]],[[244],[928],[6872]],[[243],[960],[6904]],[[242],[992],[6936]],[["point"],[991.0710682367938],[6936.9289317632065]],[[241],[960],[6968]],[[240],[928],[7000]],[["point"],[924.4644658816023],[7012.464465881602]],[[239],[944],[7032]],[[238],[976],[7064]],[["point"],[995.5355341183977],[7092.464465881602]],[[237],[992],[7096]],[[236],[960],[7128]],[[235],[928],[7160]],[["point"],[936],[7168]],[[234],[960],[7192]],[[233],[992],[7224]],[[232],[1024],[7256]],[["point"],[1027.535534118396],[7268.464465881604]],[[231],[1008],[7288]],[["point"],[996.4644658816023],[7308.464465881602]],[[230],[1008],[7320]],[[229],[1040],[7352]],[[228],[1072],[7384]],[["point"],[1067.5355341183977],[7388.464465881602]],[[227],[1040],[7416]],[[226],[1008],[7448]],[["point"],[992.9289317632062],[7464.9289317632065]],[[225],[1008],[7480]],[[224],[1040],[7512]],[["point"],[1059.535534118396],[7540.464465881604]],[[223],[1056],[7544]],[[222],[1024],[7576]],[[221],[992],[7608]],[["gem"],[984],[7616]],[[220],[960],[7640]],[[219],[928],[7672]],[["point"],[904.9289317632062],[7696.9289317632065]],[[218],[912],[7704]],[[217],[944],[7736]],[[216],[976],[7768]],[["gem"],[976.9289317632062],[7768.9289317632065]],[[215],[1008],[7800]],[[214],[1040],[7832]],[["point"],[1040],[7848]],[[213],[1024],[7864]],[[212],[992],[7896]],[["gem"],[968],[7920]],[[211],[960],[7928]],[[210],[928],[7960]],[[209],[896],[7992]],[["point"],[896.9289317632062],[7992.9289317632065]],[[208],[928],[8024]],[[207],[960],[8056]],[["gem"],[972.4644658816038],[8068.464465881604]],[[206],[992],[8088]],[[205],[1024],[8120]],[["point"],[1027.5355341183977],[8132.464465881602]],[[204],[1008],[8152]],[[203],[976],[8184]],[["point"],[968],[8208]],[["gem"],[968],[8208]],[[202],[976],[8216]],[[201],[1008],[8248]],[[200],[1040],[8280]],[["point"],[1039.0710682367937],[8280.928931763205]],[["gem"],[1039.0710682367937],[8280.928931763205]],[[199],[1008],[8312]],[[198],[976],[8344]],[["point"],[960.9289317632062],[8360.928931763205]],[["gem"],[960.9289317632062],[8360.928931763205]],[[197],[976],[8376]],[[196],[1008],[8408]],[["point"],[1019.5396003632836],[8428.460399636717]],[["gem"],[1016],[8432]],[[195],[1008],[8440]],[[194],[976],[8472]],[[193],[944],[8504]],[["point"],[936.9209659515489],[8512.920965951549]],[[192],[960],[8536]],[[191],[992],[8568]],[["point"],[999.0771677634723],[8576.922832236527]],[["gem"],[995.5355341183962],[8580.464465881603]],[[190],[976],[8600]],[[189],[944],[8632]],[[188],[912],