{"c2array":true,"size":[543,3,1],"data":[[[365],[272],[3000]],[[364],[304],[3032]],[[363],[336],[3064]],[[362],[368],[3096]],[[361],[400],[3128]],[[360],[432],[3160]],[[359],[464],[3192]],[[358],[496],[3224]],[["point"],[491.53537355925084],[3228.4646264407493]],[[357],[464],[3256]],[[356],[432],[3288]],[["point"],[432],[3304]],[[355],[448],[3320]],[[354],[480],[3352]],[["gem"],[491.5355341183977],[3372.4644658816023]],[["point"],[488],[3376]],[[353],[480],[3384]],[[352],[448],[3416]],[[351],[416],[3448]],[["gem"],[412.46325783176616],[3460.463257831766]],[["point"],[416],[3464]],[[350],[432],[3480]],[[349],[464],[3512]],[["point"],[480],[3544]],[[348],[480],[3544]],[[347],[448],[3576]],[[346],[416],[3608]],[["point"],[412.4644658816023],[3620.4644658816023]],[["gem"],[416],[3624]],[[345],[432],[3640]],[[344],[464],[3672]],[[343],[496],[3704]],[["point"],[495.0727412643939],[3704.9272587356063]],[[342],[464],[3736]],[[341],[432],[3768]],[["gem"],[423.0731784518518],[3776.926821548148]],[[340],[400],[3800]],[[339],[368],[3832]],[["gem"],[352],[3864]],[["point"],[352],[3864]],[[338],[352],[3864]],[[337],[384],[3896]],[[336],[416],[3928]],[["point"],[424],[3952]],[["gem"],[424],[3952]],[[335],[416],[3960]],[["point"],[408],[3984]],[["gem"],[408],[3984]],[[334],[416],[3992]],[[333],[448],[4024]],[[332],[480],[4056]],[[331],[512],[4088]],[[330],[544],[4120]],[[329],[576],[4152]],[["gem"],[604.4631322654601],[4180.46313226546]],[[328],[608],[4184]],[[327],[640],[4216]],[[326],[672],[4248]],[["point"],[691.5364076009569],[4276.463592399044]],[[325],[688],[4280]],[[324],[656],[4312]],[[323],[624],[4344]],[["point"],[600.9267956062804],[4368.92679560628]],[[322],[608],[4376]],[["point"],[627.5383097711285],[4404.461690228872]],[[321],[624],[4408]],[[320],[592],[4440]],[[319],[560],[4472]],[[318],[528],[4504]],[[317],[496],[4536]],[["point"],[496],[4552]],[[316],[512],[4568]],[[315],[544],[4600]],[[314],[576],[4632]],[["point"],[575.0710682367892],[4632.92893176321]],[[313],[544],[4664]],[[312],[512],[4696]],[["point"],[516.4644658816038],[4700.464465881604]],[["gem"],[516.4644658816038],[4700.464465881604]],[[311],[544],[4728]],[[310],[576],[4760]],[["point"],[587.5356633815787],[4780.464336618421]],[[309],[576],[4792]],[[308],[544],[4824]],[[307],[512],[4856]],[["gem"],[503.07115173520066],[4864.928848264799]],[[306],[480],[4888]],[[305],[448],[4920]],[["gem"],[424.9292655656135],[4944.929265565614]],[["point"],[424.9292655656135],[4944.929265565614]],[[304],[432],[4952]],[[303],[464],[4984]],[["point"],[480],[5016]],[["gem"],[480],[5016]],[[302],[480],[5016]],[[301],[448],[5048]],[[300],[416],[5080]],[[299],[384],[5112]],[[298],[352],[5144]],[[297],[320],[5176]],[["point"],[324.46812610752465],[5180.468126107525]],[["gem"],[328],[5184]],[[296],[352],[5208]],[[295],[384],[5240]],[["gem"],[396.4644658816038],[5252.464465881604]],[[294],[416],[5272]],[[293],[448],[5304]],[["gem"],[472],[5328]],[[292],[480],[5336]],[[291],[512],[5368]],[[290],[544],[5400]],[["gem"],[552],[5408]],[[289],[576],[5432]],[[288],[608],[5464]],[["point"],[631.0699705833233],[5488.930029416676]],[[287],[624],[5496]],[[286],[592],[5528]],[[285],[560],[5560]],[["point"],[564.4556553337828],[5564.4556553337825]],[[284],[592],[5592]],[[283],[624],[5624]],[["point"],[627.5347244388183],[5636.465275561181]],[["gem"],[627.5347244388183],[5636.465275561181]],[[282],[608],[5656]],[[281],[576],[5688]],[[280],[544],[5720]],[[279],[512],[5752]],[["gem"],[496],[5784]],[["point"],[496],[5784]],[[278],[496],[5784]],[[277],[528],[5816]],[[276],[560],[5848]],[["point"],[575.0745378823841],[5864.925462117616]],[[275],[560],[5880]],[[274],[528],[5912]],[[273],[496],[5944]],[["point"],[492.4643951310449],[5956.4643951310445]],[[272],[512],[5976]],[[271],[544],[6008]],[["gem"],[544.932048165922],[6008.932048165922]],[[270],[576],[6040]],[[269],[608],[6072]],[[268],[640],[6104]],[[267],[672],[6136]],[[266],[704],[6168]],[["point"],[703.0667298253492],[6168.933270174651]],[[265],[672],[6200]],[[264],[640],[6232]],[["point"],[628.4644658816023],[6252.464465881602]],[[263],[640],[6264]],[[262],[672],[6296]],[[261],[704],[6328]],[["gem"],[699.5349483547697],[6332.46505164523]],[["point"],[699.5349483547697],[6332.46505164523]],[[260],[672],[6360]],[[259],[640],[6392]],[["gem"],[636.4644658816023],[6404.464465881602]],[["point"],[636.4644658816023],[6404.464465881602]],[[258],[656],[6424]],[[257],[688],[6456]],[[256],[720],[6488]],[["point"],[719.0700133523533],[6488.929986647647]],[[255],[688],[6520]],[[254],[656],[6552]],[["point"],[652.4644658816038],[6564.464465881604]],[[253],[672],[6584]],[[252],[704],[6616]],[["point"],[720],[6648]],[[251],[720],[6648]],[[250],[688],[6680]],[[249],[656],[6712]],[["gem"],[656.9289317632076],[6712.928931763208]],[["point"],[660.4644658816038],[6716.464465881604]],[[248],[688],[6744]],[[247],[720],[6776]],[["gem"],[744],[6800]],[[246],[752],[6808]],[[245],[784],[6840]],[[244],[816],[6872]],[["point"],[823.0710682367938],[6880.9289317632065]],[[243],[800],[6904]],[[242],[768],[6936]],[["point"],[752.9289317632062],[6952.9289317632065]],[[241],[768],[6968]],[[240],[800],[7000]],[["gem"],[824.929033491035],[7024.929033491035]],[[239],[832],[7032]],[[238],[864],[7064]],[[237],[896],[7096]],[["point"],[911.0709076776456],[7112.929092322354]],[[236],[896],[7128]],[[235],[864],[7160]],[["point"],[848],[7192]],[[234],[848],[7192]],[[233],[880],[7224]],[[232],[912],[7256]],[["point"],[920],[7280]],[[231],[912],[7288]],[[230],[880],[7320]],[["point"],[860.4652616022905],[7348.46526160229]],[[229],[864],[7352]],[[228],[896],[7384]],[[227],[928],[7416]],[["point"],[931.5376067273008],[7428.462393272699]],[[226],[912],[7448]],[[225],[880],[7480]],[["point"],[876.4593350001736],[7492.459335000173]],[[224],[896],[7512]],[[223],[928],[7544]],[["gem"],[956.4650026297534],[7572.465002629753]],[[222],[960],[7576]],[[221],[992],[7608]],[[220],[1024],[7640]],[["gem"],[1036.4650245560504],[7652.465024556051]],[[219],[1056],[7672]],[[218],[1088],[7704]],[["gem"],[1107.5364564252156],[7732.463543574784]],[["point"],[1107.5364564252156],[7732.463543574784]],[[217],[1104],[7736]],[[216],[1072],[7768]],[[215],[1040],[7800]],[["gem"],[1031.0710682367937],[7808.9289317632065]],[[214],[1008],[7832]],[[213],[976],[7864]],[["gem"],[964.4669389641574],[7884.466938964158]],[["point"],[964.4669389641574],[7884.466938964158]],[[212],[976],[7896]],[[211],[1008],[7928]],[["gem"],[1036.4638363928595],[7956.46383639286]],[[210],[1040],[7960]],[[209],[1072],[7992]],[[208],[1104],[8024]],[["point"],[1096],[8032]],[[207],[1072],[8056]],[[206],[1040],[8088]],[["gem"],[1016],[8112]],[[205],[1008],[8120]],[[204],[976],[8152]],[[203],[944],[8184]],[["gem"],[943.0722671081793],[8184.927732891821]],[[202],[912],[8216]],[[201],[880],[8248]],[["point"],[864.9280056957713],[8264.928005695772]],[[200],[880],[8280]],[[199],[912],[8312]],[[198],[944],[8344]],[["gem"],[944.9254930311486],[8344.925493031149]],[[197],[976],[8376]],[[196],[1008],[8408]],[["point"],[1015.0708309993387],[8416.929169000661]],[[195],[992],[8440]],[[194],[960],[8472]],[["gem"],[935.0699297264673],[8496.930070273533]],[[193],[928],[8504]],[[192],[896],[8536]],[[191],[864],[8568]],[["point"],[868.4636932345217],[8572.463693234522]],[[190],[896],[8600]],[[189],[928],[8632]],[["gem"],[940.4644658816038],[8644.464465881603]],[[188],[960],[8664]],[[187],[992],[8696]],[[186],[1024],[8728]],[["point"],[1023.0666738622931],[8728.933326137707]],[[185],[992],[8760]],[[184],[960],[8792]],[["point"],[944.9281670835297],[8808.92816708353]],[[183],[960],[8824]],[[182],[992],[8856]],[[181],[1024],[8888]],[["point"],[1023.0719962801462],[8888.928003719855]],[["gem"],[1023.0719962801462],[8888.928003719855]],[[180],[992],[8920]],[[179],[960],[8952]],[["point"],[952.9289317632062],[8960.928931763205]],[["gem"],[952.9289317632062],[8960.928931763205]],[[178],[976],[8984]],[[177],[1008],[9016]],[["point"],[1031.073880603329],[9040.92611939667]],[[176],[1024],[9048]],