{"c2array":true,"size":[575,3,1],"data":[[[382],[736],[2456]],[[381],[704],[2488]],[[380],[672],[2520]],[[379],[640],[2552]],[[378],[608],[2584]],[[377],[576],[2616]],[[376],[544],[2648]],[[375],[512],[2680]],[[374],[480],[2712]],[[373],[448],[2744]],[[372],[416],[2776]],[[371],[384],[2808]],[[370],[352],[2840]],[[369],[320],[2872]],[["point"],[320],[2888]],[["gem"],[320],[2888]],[[368],[336],[2904]],[[367],[368],[2936]],[[366],[400],[2968]],[[365],[432],[3000]],[[364],[464],[3032]],[[363],[496],[3064]],[[362],[528],[3096]],[[361],[560],[3128]],[[360],[592],[3160]],[[359],[624],[3192]],[[358],[656],[3224]],[["point"],[655.0710682367953],[3224.9289317632047]],[["gem"],[651.5355341183977],[3228.4644658816023]],[[357],[624],[3256]],[[356],[592],[3288]],[["point"],[584],[3312]],[["gem"],[584],[3312]],[[355],[592],[3320]],[[354],[624],[3352]],[[353],[656],[3384]],[["point"],[664],[3408]],[["gem"],[664],[3408]],[[352],[656],[3416]],[[351],[624],[3448]],[[350],[592],[3480]],[["point"],[576.9289317632047],[3496.9289317632047]],[["gem"],[576.9289317632047],[3496.9289317632047]],[[349],[592],[3512]],[[348],[624],[3544]],[[347],[656],[3576]],[["point"],[648],[3584]],[["gem"],[647.0710682367923],[3584.928931763208]],[[346],[624],[3608]],[[345],[592],[3640]],[[344],[560],[3672]],[["point"],[560.9289317632077],[3672.928931763208]],[["gem"],[560.9289317632077],[3672.928931763208]],[[343],[592],[3704]],[[342],[624],[3736]],[["point"],[632],[3760]],[["gem"],[631.0710682367953],[3760.9289317632047]],[[341],[624],[3768]],[[340],[592],[3800]],[[339],[560],[3832]],[["point"],[568],[3840]],[["gem"],[568.9289317632077],[3840.928931763208]],[[338],[592],[3864]],[[337],[624],[3896]],[[336],[656],[3928]],[["point"],[655.0671525439956],[3928.9328474560043]],[["gem"],[651.5355341183977],[3932.4644658816023]],[[335],[624],[3960]],[[334],[592],[3992]],[["gem"],[580.4644658816023],[4012.4644658816023]],[["point"],[580.4644658816023],[4012.4644658816023]],[[333],[592],[4024]],[[332],[624],[4056]],[[331],[656],[4088]],[["point"],[663.0710682367953],[4096.928931763205]],[["gem"],[663.0710682367953],[4096.928931763205]],[[330],[640],[4120]],[[329],[608],[4152]],[["point"],[592],[4184]],[[328],[592],[4184]],[["gem"],[592.93069842375],[4184.93069842375]],[[327],[624],[4216]],[[326],[656],[4248]],[["point"],[664],[4272]],[["gem"],[664],[4272]],[[325],[656],[4280]],[[324],[624],[4312]],[[323],[592],[4344]],[["point"],[568.9289317632077],[4368.928931763207]],[["gem"],[572.4644658816054],[4372.464465881605]],[[322],[576],[4376]],[[321],[608],[4408]],[[320],[640],[4440]],[["point"],[647.0710682367953],[4448.928931763205]],[["gem"],[643.5355341183977],[4452.464465881602]],[[319],[624],[4472]],[[318],[592],[4504]],[[317],[560],[4536]],[["point"],[560.9289317632062],[4536.9289317632065]],[["gem"],[560.9289317632062],[4536.9289317632065]],[[316],[592],[4568]],[[315],[624],[4600]],[["point"],[647.0710682367908],[4624.928931763209]],[["gem"],[647.0710682367908],[4624.928931763209]],[[314],[640],[4632]],[[313],[608],[4664]],[[312],[576],[4696]],[["point"],[576],[4712]],[["gem"],[576.9289317632062],[4712.9289317632065]],[[311],[592],[4728]],[[310],[624],[4760]],[[309],[656],[4792]],[["point"],[659.5355341183977],[4804.464465881602]],[["gem"],[659.5355341183977],[4804.464465881602]],[[308],[640],[4824]],[[307],[608],[4856]],[[306],[576],[4888]],[["point"],[580.4644658816038],[4892.464465881604]],[["gem"],[584],[4896]],[[305],[608],[4920]],[[304],[640],[4952]],[["point"],[656],[4984]],[[303],[656],[4984]],[["gem"],[655.0710682367938],[4984.9289317632065]],[[302],[624],[5016]],[[301],[592],[5048]],[["point"],[580.4644658816023],[5068.464465881602]],[["gem"],[584],[5072]],[[300],[592],[5080]],[[299],[624],[5112]],[[298],[656],[5144]],[["point"],[671.0710682367938],[5160.9289317632065]],[["gem"],[671.0710682367938],[5160.9289317632065]],[[297],[656],[5176]],[[296],[624],[5208]],[[295],[592],[5240]],[["point"],[592.9289317632062],[5240.9289317632065]],[["gem"],[592.9289317632062],[5240.9289317632065]],[[294],[624],[5272]],[[293],[656],[5304]],[["point"],[675.5355341183977],[5332.464465881602]],[["gem"],[672],[5336]],[[292],[672],[5336]],[[291],[640],[5368]],[[290],[608],[5400]],[["point"],[592.9289317632062],[5416.9289317632065]],[["gem"],[596.4644658816038],[5420.464465881604]],[[289],[608],[5432]],[[288],[640],[5464]],[[287],[672],[5496]],[["point"],[687.0710682367938],[5512.9289317632065]],[["gem"],[687.0710682367938],[5512.9289317632065]],[[286],[672],[5528]],[[285],[640],[5560]],[[284],[608],[5592]],[["point"],[608.9289317632062],[5592.9289317632065]],[["gem"],[608.9289317632062],[5592.9289317632065]],[[283],[640],[5624]],[[282],[672],[5656]],[["point"],[695.0710682367938],[5680.9289317632065]],[["gem"],[691.5355341183977],[5684.464465881602]],[[281],[688],[5688]],[[280],[656],[5720]],[[279],[624],[5752]],[["point"],[616.9289317632062],[5760.9289317632065]],[["gem"],[616.9289317632062],[5760.9289317632065]],[[278],[640],[5784]],[[277],[672],[5816]],[[276],[704],[5848]],[["point"],[703.0710682367938],[5848.9289317632065]],[["gem"],[703.0710682367938],[5848.9289317632065]],[[275],[672],[5880]],[[274],[640],[5912]],[["point"],[624.9289317632062],[5928.9289317632065]],[["gem"],[624.9289317632062],[5928.9289317632065]],[[273],[640],[5944]],[[272],[672],[5976]],[[271],[704],[6008]],[["point"],[704],[6024]],[["gem"],[703.0710682367938],[6024.9289317632065]],[[270],[688],[6040]],[[269],[656],[6072]],[["gem"],[624],[6104]],[[268],[624],[6104]],[[267],[592],[6136]],[[266],[560],[6168]],[[265],[528],[6200]],[["point"],[528.9289317632062],[6200.9289317632065]],[[264],[560],[6232]],[[263],[592],[6264]],[[262],[624],[6296]],[["gem"],[624.9289317632062],[6296.9289317632065]],[[261],[656],[6328]],[[260],[688],[6360]],[["point"],[696],[6384]],[[259],[688],[6392]],[[258],[656],[6424]],[[257],[624],[6456]],[["gem"],[611.5355341183977],[6468.464465881602]],[[256],[592],[6488]],[[255],[560],[6520]],[[254],[528],[6552]],[["point"],[528.9289317632062],[6552.9289317632065]],[[253],[560],[6584]],[[252],[592],[6616]],[["gem"],[616.9289317632062],[6640.9289317632065]],[[251],[624],[6648]],[[250],[656],[6680]],[[249],[688],[6712]],[["point"],[703.0710682367938],[6728.9289317632065]],[[248],[688],[6744]],[[247],[656],[6776]],[[246],[624],[6808]],[["gem"],[611.5355341183977],[6820.464465881602]],[[245],[592],[6840]],[[244],[560],[6872]],[["gem"],[528],[6904]],[[243],[528],[6904]],[[242],[496],[6936]],[[241],[464],[6968]],[["point"],[456],[6992]],[[240],[464],[7000]],[[239],[496],[7032]],[[238],[528],[7064]],[["gem"],[548.4644658816038],[7084.464465881604]],[[237],[560],[7096]],[[236],[592],[7128]],[[235],[624],[7160]],[["point"],[616],[7168]],[[234],[592],[7192]],[[233],[560],[7224]],[["gem"],[528],[7256]],[[232],[528],[7256]],[[231],[496],[7288]],[[230],[464],[7320]],[["point"],[464],[7336]],[[229],[480],[7352]],[[228],[512],[7384]],[[227],[544],[7416]],[["gem"],[552],[7424]],[[226],[576],[7448]],[[225],[608],[7480]],[[224],[640],[7512]],[["point"],[639.0710682367938],[7512.9289317632065]],[[223],[608],[7544]],[[222],[576],[7576]],[["gem"],[551.0710682367938],[7600.9289317632065]],[[221],[544],[7608]],[[220],[512],[7640]],[[219],[480],[7672]],[["point"],[464.92893176320763],[7688.928931763207]],[[218],[480],[7704]],[[217],[512],[7736]],[[216],[544],[7768]],[["gem"],[552.9289317632062],[7776.9289317632065]],[[215],[576],[7800]],[[214],[608],[7832]],[["point"],[631.0710682367938],[7856.9289317632065]],[[213],[624],[7864]],[[212],[592],[7896]],[[211],[560],[7928]],[["gem"],[539.5355341183977],[7948.464465881602]],[[210],[528],[7960]],[[209],[496],[7992]],[[208],[464],[8024]],[["point"],[464.9289317632061],[8024.9289317632065]],[[207],[496],[8056]],[[206],[528],[8088]],[["gem"],[552.9289317632062],[8112.9289317632065]],[[205],[560],[8120]],[[204],[592],[8152]],[[203],[624],[8184]],[["point"],[635.5355341183977],[8204.464465881601]],[[202],[624],[8216]],[[201],[592],[8248]],[[200],[560],[8280]],[["gem"],[552],[8288]],[[199],[528],